Benchmark,variant,Time,CPU,Iterations
A_create,legacy,ns,ns
A_create,legacy,ns,ns
A_create,legacy,ns,ns
A_create,legacy,ns,ns
A_create,legacy,ns,ns
A_create,legacy,ns,ns
A_create,legacy,ns,ns
A_create,legacy,ns,ns
A_create,legacy,ns,ns
A_create,legacy,ns,ns
A_create,legacy,ns,ns
A_create,legacy,ns,ns
A_create,legacy,ns,ns
A_create,legacy,ns,ns
A_create,legacy,ns,ns
A_create,legacy,ns,ns
A_create,legacy,ns,ns
A_create,legacy,ns,ns
A_create,legacy,ns,ns
A_create,legacy,ns,ns
A_create,legacy,ns,ns
A_create,legacy,ns,ns
A_create,legacy,ns,ns
A_create,legacy,ns,ns
A_create,legacy,ns,ns
A_create,legacy,ns,ns
A_create,legacy,ns,ns
A_create,legacy,ns,ns
A_create,legacy,ns,ns
A_create,legacy,ns,ns
A_create,legacy,ns,ns
A_create,legacy,ns,ns
A_create,legacy,ns,ns
A_create,legacy,ns,ns
A_create,legacy,ns,ns
A_create,legacy,ns,ns
A_create,legacy,ns,ns
A_create,legacy,ns,ns
A_create,legacy,ns,ns
A_create,legacy,ns,ns
A_create,legacy,ns,ns
A_create,legacy,ns,ns
A_create,legacy,ns,ns
A_create,legacy,ns,ns
A_create,legacy,ns,ns
A_create,legacy,ns,ns
A_create,legacy,ns,ns
A_create,legacy,ns,ns
A_create,legacy,ns,ns
A_create,legacy,ns,ns
B_destruct,legacy,ns,ns
B_destruct,legacy,ns,ns
B_destruct,legacy,ns,ns
B_destruct,legacy,ns,ns
B_destruct,legacy,ns,ns
B_destruct,legacy,ns,ns
B_destruct,legacy,ns,ns
B_destruct,legacy,ns,ns
B_destruct,legacy,ns,ns
B_destruct,legacy,ns,ns
B_destruct,legacy,ns,ns
B_destruct,legacy,ns,ns
B_destruct,legacy,ns,ns
B_destruct,legacy,ns,ns
B_destruct,legacy,ns,ns
B_destruct,legacy,ns,ns
B_destruct,legacy,ns,ns
B_destruct,legacy,ns,ns
B_destruct,legacy,ns,ns
B_destruct,legacy,ns,ns
B_destruct,legacy,ns,ns
B_destruct,legacy,ns,ns
B_destruct,legacy,ns,ns
B_destruct,legacy,ns,ns
B_destruct,legacy,ns,ns
B_destruct,legacy,ns,ns
B_destruct,legacy,ns,ns
B_destruct,legacy,ns,ns
B_destruct,legacy,ns,ns
B_destruct,legacy,ns,ns
B_destruct,legacy,ns,ns
B_destruct,legacy,ns,ns
B_destruct,legacy,ns,ns
B_destruct,legacy,ns,ns
B_destruct,legacy,ns,ns
B_destruct,legacy,ns,ns
B_destruct,legacy,ns,ns
B_destruct,legacy,ns,ns
B_destruct,legacy,ns,ns
B_destruct,legacy,ns,ns
B_destruct,legacy,ns,ns
B_destruct,legacy,ns,ns
B_destruct,legacy,ns,ns
B_destruct,legacy,ns,ns
B_destruct,legacy,ns,ns
B_destruct,legacy,ns,ns
B_destruct,legacy,ns,ns
B_destruct,legacy,ns,ns
B_destruct,legacy,ns,ns
B_destruct,legacy,ns,ns
C_subscribe,legacy,ns,ns
C_subscribe,legacy,ns,ns
C_subscribe,legacy,ns,ns
C_subscribe,legacy,ns,ns
C_subscribe,legacy,ns,ns
C_subscribe,legacy,ns,ns
C_subscribe,legacy,ns,ns
C_subscribe,legacy,ns,ns
C_subscribe,legacy,ns,ns
C_subscribe,legacy,ns,ns
C_subscribe,legacy,ns,ns
C_subscribe,legacy,ns,ns
C_subscribe,legacy,ns,ns
C_subscribe,legacy,ns,ns
C_subscribe,legacy,ns,ns
C_subscribe,legacy,ns,ns
C_subscribe,legacy,ns,ns
C_subscribe,legacy,ns,ns
C_subscribe,legacy,ns,ns
C_subscribe,legacy,ns,ns
C_subscribe,legacy,ns,ns
C_subscribe,legacy,ns,ns
C_subscribe,legacy,ns,ns
C_subscribe,legacy,ns,ns
C_subscribe,legacy,ns,ns
C_subscribe,legacy,ns,ns
C_subscribe,legacy,ns,ns
C_subscribe,legacy,ns,ns
C_subscribe,legacy,ns,ns
C_subscribe,legacy,ns,ns
C_subscribe,legacy,ns,ns
C_subscribe,legacy,ns,ns
C_subscribe,legacy,ns,ns
C_subscribe,legacy,ns,ns
C_subscribe,legacy,ns,ns
C_subscribe,legacy,ns,ns
C_subscribe,legacy,ns,ns
C_subscribe,legacy,ns,ns
C_subscribe,legacy,ns,ns
C_subscribe,legacy,ns,ns
C_subscribe,legacy,ns,ns
C_subscribe,legacy,ns,ns
C_subscribe,legacy,ns,ns
C_subscribe,legacy,ns,ns
C_subscribe,legacy,ns,ns
C_subscribe,legacy,ns,ns
C_subscribe,legacy,ns,ns
C_subscribe,legacy,ns,ns
C_subscribe,legacy,ns,ns
C_subscribe,legacy,ns,ns
D_unsubscribe,legacy,ns,ns
D_unsubscribe,legacy,ns,ns
D_unsubscribe,legacy,ns,ns
D_unsubscribe,legacy,ns,ns
D_unsubscribe,legacy,ns,ns
D_unsubscribe,legacy,ns,ns
D_unsubscribe,legacy,ns,ns
D_unsubscribe,legacy,ns,ns
D_unsubscribe,legacy,ns,ns
D_unsubscribe,legacy,ns,ns
D_unsubscribe,legacy,ns,ns
D_unsubscribe,legacy,ns,ns
D_unsubscribe,legacy,ns,ns
D_unsubscribe,legacy,ns,ns
D_unsubscribe,legacy,ns,ns
D_unsubscribe,legacy,ns,ns
D_unsubscribe,legacy,ns,ns
D_unsubscribe,legacy,ns,ns
D_unsubscribe,legacy,ns,ns
D_unsubscribe,legacy,ns,ns
D_unsubscribe,legacy,ns,ns
D_unsubscribe,legacy,ns,ns
D_unsubscribe,legacy,ns,ns
D_unsubscribe,legacy,ns,ns
D_unsubscribe,legacy,ns,ns
D_unsubscribe,legacy,ns,ns
D_unsubscribe,legacy,ns,ns
D_unsubscribe,legacy,ns,ns
D_unsubscribe,legacy,ns,ns
D_unsubscribe,legacy,ns,ns
D_unsubscribe,legacy,ns,ns
D_unsubscribe,legacy,ns,ns
D_unsubscribe,legacy,ns,ns
D_unsubscribe,legacy,ns,ns
D_unsubscribe,legacy,ns,ns
D_unsubscribe,legacy,ns,ns
D_unsubscribe,legacy,ns,ns
D_unsubscribe,legacy,ns,ns
D_unsubscribe,legacy,ns,ns
D_unsubscribe,legacy,ns,ns
D_unsubscribe,legacy,ns,ns
D_unsubscribe,legacy,ns,ns
D_unsubscribe,legacy,ns,ns
D_unsubscribe,legacy,ns,ns
D_unsubscribe,legacy,ns,ns
D_unsubscribe,legacy,ns,ns
D_unsubscribe,legacy,ns,ns
D_unsubscribe,legacy,ns,ns
D_unsubscribe,legacy,ns,ns
D_unsubscribe,legacy,ns,ns
E_update,legacy,ns,ns
E_update,legacy,ns,ns
E_update,legacy,ns,ns
E_update,legacy,ns,ns
E_update,legacy,ns,ns
E_update,legacy,ns,ns
E_update,legacy,ns,ns
E_update,legacy,ns,ns
E_update,legacy,ns,ns
E_update,legacy,ns,ns
E_update,legacy,ns,ns
E_update,legacy,ns,ns
E_update,legacy,ns,ns
E_update,legacy,ns,ns
E_update,legacy,ns,ns
E_update,legacy,ns,ns
E_update,legacy,ns,ns
E_update,legacy,ns,ns
E_update,legacy,ns,ns
E_update,legacy,ns,ns
E_update,legacy,ns,ns
E_update,legacy,ns,ns
E_update,legacy,ns,ns
E_update,legacy,ns,ns
E_update,legacy,ns,ns
E_update,legacy,ns,ns
E_update,legacy,ns,ns
E_update,legacy,ns,ns
E_update,legacy,ns,ns
E_update,legacy,ns,ns
E_update,legacy,ns,ns
E_update,legacy,ns,ns
E_update,legacy,ns,ns
E_update,legacy,ns,ns
E_update,legacy,ns,ns
E_update,legacy,ns,ns
E_update,legacy,ns,ns
E_update,legacy,ns,ns
E_update,legacy,ns,ns
E_update,legacy,ns,ns
E_update,legacy,ns,ns
E_update,legacy,ns,ns
E_update,legacy,ns,ns
E_update,legacy,ns,ns
E_update,legacy,ns,ns
E_update,legacy,ns,ns
E_update,legacy,ns,ns
E_update,legacy,ns,ns
E_update,legacy,ns,ns
E_update,legacy,ns,ns
A_create,subscription,ns,ns
A_create,subscription,ns,ns
A_create,subscription,ns,ns
A_create,subscription,ns,ns
A_create,subscription,ns,ns
A_create,subscription,ns,ns
A_create,subscription,ns,ns
A_create,subscription,ns,ns
A_create,subscription,ns,ns
A_create,subscription,ns,ns
A_create,subscription,ns,ns
A_create,subscription,ns,ns
A_create,subscription,ns,ns
A_create,subscription,ns,ns
A_create,subscription,ns,ns
A_create,subscription,ns,ns
A_create,subscription,ns,ns
A_create,subscription,ns,ns
A_create,subscription,ns,ns
A_create,subscription,ns,ns
A_create,subscription,ns,ns
A_create,subscription,ns,ns
A_create,subscription,ns,ns
A_create,subscription,ns,ns
A_create,subscription,ns,ns
A_create,subscription,ns,ns
A_create,subscription,ns,ns
A_create,subscription,ns,ns
A_create,subscription,ns,ns
A_create,subscription,ns,ns
A_create,subscription,ns,ns
A_create,subscription,ns,ns
A_create,subscription,ns,ns
A_create,subscription,ns,ns
A_create,subscription,ns,ns
A_create,subscription,ns,ns
A_create,subscription,ns,ns
A_create,subscription,ns,ns
A_create,subscription,ns,ns
A_create,subscription,ns,ns
A_create,subscription,ns,ns
A_create,subscription,ns,ns
A_create,subscription,ns,ns
A_create,subscription,ns,ns
A_create,subscription,ns,ns
A_create,subscription,ns,ns
A_create,subscription,ns,ns
A_create,subscription,ns,ns
A_create,subscription,ns,ns
A_create,subscription,ns,ns
B_destruct,subscription,ns,ns
B_destruct,subscription,ns,ns
B_destruct,subscription,ns,ns
B_destruct,subscription,ns,ns
B_destruct,subscription,ns,ns
B_destruct,subscription,ns,ns
B_destruct,subscription,ns,ns
B_destruct,subscription,ns,ns
B_destruct,subscription,ns,ns
B_destruct,subscription,ns,ns
B_destruct,subscription,ns,ns
B_destruct,subscription,ns,ns
B_destruct,subscription,ns,ns
B_destruct,subscription,ns,ns
B_destruct,subscription,ns,ns
B_destruct,subscription,ns,ns
B_destruct,subscription,ns,ns
B_destruct,subscription,ns,ns
B_destruct,subscription,ns,ns
B_destruct,subscription,ns,ns
B_destruct,subscription,ns,ns
B_destruct,subscription,ns,ns
B_destruct,subscription,ns,ns
B_destruct,subscription,ns,ns
B_destruct,subscription,ns,ns
B_destruct,subscription,ns,ns
B_destruct,subscription,ns,ns
B_destruct,subscription,ns,ns
B_destruct,subscription,ns,ns
B_destruct,subscription,ns,ns
B_destruct,subscription,ns,ns
B_destruct,subscription,ns,ns
B_destruct,subscription,ns,ns
B_destruct,subscription,ns,ns
B_destruct,subscription,ns,ns
B_destruct,subscription,ns,ns
B_destruct,subscription,ns,ns
B_destruct,subscription,ns,ns
B_destruct,subscription,ns,ns
B_destruct,subscription,ns,ns
B_destruct,subscription,ns,ns
B_destruct,subscription,ns,ns
B_destruct,subscription,ns,ns
B_destruct,subscription,ns,ns
B_destruct,subscription,ns,ns
B_destruct,subscription,ns,ns
B_destruct,subscription,ns,ns
B_destruct,subscription,ns,ns
B_destruct,subscription,ns,ns
B_destruct,subscription,ns,ns
C_subscribe,subscription,ns,ns
C_subscribe,subscription,ns,ns
C_subscribe,subscription,ns,ns
C_subscribe,subscription,ns,ns
C_subscribe,subscription,ns,ns
C_subscribe,subscription,ns,ns
C_subscribe,subscription,ns,ns
C_subscribe,subscription,ns,ns
C_subscribe,subscription,ns,ns
C_subscribe,subscription,ns,ns
C_subscribe,subscription,ns,ns
C_subscribe,subscription,ns,ns
C_subscribe,subscription,ns,ns
C_subscribe,subscription,ns,ns
C_subscribe,subscription,ns,ns
C_subscribe,subscription,ns,ns
C_subscribe,subscription,ns,ns
C_subscribe,subscription,ns,ns
C_subscribe,subscription,ns,ns
C_subscribe,subscription,ns,ns
C_subscribe,subscription,ns,ns
C_subscribe,subscription,ns,ns
C_subscribe,subscription,ns,ns
C_subscribe,subscription,ns,ns
C_subscribe,subscription,ns,ns
C_subscribe,subscription,ns,ns
C_subscribe,subscription,ns,ns
C_subscribe,subscription,ns,ns
C_subscribe,subscription,ns,ns
C_subscribe,subscription,ns,ns
C_subscribe,subscription,ns,ns
C_subscribe,subscription,ns,ns
C_subscribe,subscription,ns,ns
C_subscribe,subscription,ns,ns
C_subscribe,subscription,ns,ns
C_subscribe,subscription,ns,ns
C_subscribe,subscription,ns,ns
C_subscribe,subscription,ns,ns
C_subscribe,subscription,ns,ns
C_subscribe,subscription,ns,ns
C_subscribe,subscription,ns,ns
C_subscribe,subscription,ns,ns
C_subscribe,subscription,ns,ns
C_subscribe,subscription,ns,ns
C_subscribe,subscription,ns,ns
C_subscribe,subscription,ns,ns
C_subscribe,subscription,ns,ns
C_subscribe,subscription,ns,ns
C_subscribe,subscription,ns,ns
C_subscribe,subscription,ns,ns
D_unsubscribe,subscription,ns,ns
D_unsubscribe,subscription,ns,ns
D_unsubscribe,subscription,ns,ns
D_unsubscribe,subscription,ns,ns
D_unsubscribe,subscription,ns,ns
D_unsubscribe,subscription,ns,ns
D_unsubscribe,subscription,ns,ns
D_unsubscribe,subscription,ns,ns
D_unsubscribe,subscription,ns,ns
D_unsubscribe,subscription,ns,ns
D_unsubscribe,subscription,ns,ns
D_unsubscribe,subscription,ns,ns
D_unsubscribe,subscription,ns,ns
D_unsubscribe,subscription,ns,ns
D_unsubscribe,subscription,ns,ns
D_unsubscribe,subscription,ns,ns
D_unsubscribe,subscription,ns,ns
D_unsubscribe,subscription,ns,ns
D_unsubscribe,subscription,ns,ns
D_unsubscribe,subscription,ns,ns
D_unsubscribe,subscription,ns,ns
D_unsubscribe,subscription,ns,ns
D_unsubscribe,subscription,ns,ns
D_unsubscribe,subscription,ns,ns
D_unsubscribe,subscription,ns,ns
D_unsubscribe,subscription,ns,ns
D_unsubscribe,subscription,ns,ns
D_unsubscribe,subscription,ns,ns
D_unsubscribe,subscription,ns,ns
D_unsubscribe,subscription,ns,ns
D_unsubscribe,subscription,ns,ns
D_unsubscribe,subscription,ns,ns
D_unsubscribe,subscription,ns,ns
D_unsubscribe,subscription,ns,ns
D_unsubscribe,subscription,ns,ns
D_unsubscribe,subscription,ns,ns
D_unsubscribe,subscription,ns,ns
D_unsubscribe,subscription,ns,ns
D_unsubscribe,subscription,ns,ns
D_unsubscribe,subscription,ns,ns
D_unsubscribe,subscription,ns,ns
D_unsubscribe,subscription,ns,ns
D_unsubscribe,subscription,ns,ns
D_unsubscribe,subscription,ns,ns
D_unsubscribe,subscription,ns,ns
D_unsubscribe,subscription,ns,ns
D_unsubscribe,subscription,ns,ns
D_unsubscribe,subscription,ns,ns
D_unsubscribe,subscription,ns,ns
D_unsubscribe,subscription,ns,ns
E_update,subscription,ns,ns
E_update,subscription,ns,ns
E_update,subscription,ns,ns
E_update,subscription,ns,ns
E_update,subscription,ns,ns
E_update,subscription,ns,ns
E_update,subscription,ns,ns
E_update,subscription,ns,ns
E_update,subscription,ns,ns
E_update,subscription,ns,ns
E_update,subscription,ns,ns
E_update,subscription,ns,ns
E_update,subscription,ns,ns
E_update,subscription,ns,ns
E_update,subscription,ns,ns
E_update,subscription,ns,ns
E_update,subscription,ns,ns
E_update,subscription,ns,ns
E_update,subscription,ns,ns
E_update,subscription,ns,ns
E_update,subscription,ns,ns
E_update,subscription,ns,ns
E_update,subscription,ns,ns
E_update,subscription,ns,ns
E_update,subscription,ns,ns
E_update,subscription,ns,ns
E_update,subscription,ns,ns
E_update,subscription,ns,ns
E_update,subscription,ns,ns
E_update,subscription,ns,ns
E_update,subscription,ns,ns
E_update,subscription,ns,ns
E_update,subscription,ns,ns
E_update,subscription,ns,ns
E_update,subscription,ns,ns
E_update,subscription,ns,ns
E_update,subscription,ns,ns
E_update,subscription,ns,ns
E_update,subscription,ns,ns
E_update,subscription,ns,ns
E_update,subscription,ns,ns
E_update,subscription,ns,ns
E_update,subscription,ns,ns
E_update,subscription,ns,ns
E_update,subscription,ns,ns
E_update,subscription,ns,ns
E_update,subscription,ns,ns
E_update,subscription,ns,ns
E_update,subscription,ns,ns
E_update,subscription,ns,ns
A_create,weak,ns,ns
A_create,weak,ns,ns
A_create,weak,ns,ns
A_create,weak,ns,ns
A_create,weak,ns,ns
A_create,weak,ns,ns
A_create,weak,ns,ns
A_create,weak,ns,ns
A_create,weak,ns,ns
A_create,weak,ns,ns
A_create,weak,ns,ns
A_create,weak,ns,ns
A_create,weak,ns,ns
A_create,weak,ns,ns
A_create,weak,ns,ns
A_create,weak,ns,ns
A_create,weak,ns,ns
A_create,weak,ns,ns
A_create,weak,ns,ns
A_create,weak,ns,ns
A_create,weak,ns,ns
A_create,weak,ns,ns
A_create,weak,ns,ns
A_create,weak,ns,ns
A_create,weak,ns,ns
A_create,weak,ns,ns
A_create,weak,ns,ns
A_create,weak,ns,ns
A_create,weak,ns,ns
A_create,weak,ns,ns
A_create,weak,ns,ns
A_create,weak,ns,ns
A_create,weak,ns,ns
A_create,weak,ns,ns
A_create,weak,ns,ns
A_create,weak,ns,ns
A_create,weak,ns,ns
A_create,weak,ns,ns
A_create,weak,ns,ns
A_create,weak,ns,ns
A_create,weak,ns,ns
A_create,weak,ns,ns
A_create,weak,ns,ns
A_create,weak,ns,ns
A_create,weak,ns,ns
A_create,weak,ns,ns
A_create,weak,ns,ns
A_create,weak,ns,ns
A_create,weak,ns,ns
A_create,weak,ns,ns
B_destruct,weak,ns,ns
B_destruct,weak,ns,ns
B_destruct,weak,ns,ns
B_destruct,weak,ns,ns
B_destruct,weak,ns,ns
B_destruct,weak,ns,ns
B_destruct,weak,ns,ns
B_destruct,weak,ns,ns
B_destruct,weak,ns,ns
B_destruct,weak,ns,ns
B_destruct,weak,ns,ns
B_destruct,weak,ns,ns
B_destruct,weak,ns,ns
B_destruct,weak,ns,ns
B_destruct,weak,ns,ns
B_destruct,weak,ns,ns
B_destruct,weak,ns,ns
B_destruct,weak,ns,ns
B_destruct,weak,ns,ns
B_destruct,weak,ns,ns
B_destruct,weak,ns,ns
B_destruct,weak,ns,ns
B_destruct,weak,ns,ns
B_destruct,weak,ns,ns
B_destruct,weak,ns,ns
B_destruct,weak,ns,ns
B_destruct,weak,ns,ns
B_destruct,weak,ns,ns
B_destruct,weak,ns,ns
B_destruct,weak,ns,ns
B_destruct,weak,ns,ns
B_destruct,weak,ns,ns
B_destruct,weak,ns,ns
B_destruct,weak,ns,ns
B_destruct,weak,ns,ns
B_destruct,weak,ns,ns
B_destruct,weak,ns,ns
B_destruct,weak,ns,ns
B_destruct,weak,ns,ns
B_destruct,weak,ns,ns
B_destruct,weak,ns,ns
B_destruct,weak,ns,ns
B_destruct,weak,ns,ns
B_destruct,weak,ns,ns
B_destruct,weak,ns,ns
B_destruct,weak,ns,ns
B_destruct,weak,ns,ns
B_destruct,weak,ns,ns
B_destruct,weak,ns,ns
B_destruct,weak,ns,ns
C_subscribe,weak,ns,ns
C_subscribe,weak,ns,ns
C_subscribe,weak,ns,ns
C_subscribe,weak,ns,ns
C_subscribe,weak,ns,ns
C_subscribe,weak,ns,ns
C_subscribe,weak,ns,ns
C_subscribe,weak,ns,ns
C_subscribe,weak,ns,ns
C_subscribe,weak,ns,ns
C_subscribe,weak,ns,ns
C_subscribe,weak,ns,ns
C_subscribe,weak,ns,ns
C_subscribe,weak,ns,ns
C_subscribe,weak,ns,ns
C_subscribe,weak,ns,ns
C_subscribe,weak,ns,ns
C_subscribe,weak,ns,ns
C_subscribe,weak,ns,ns
C_subscribe,weak,ns,ns
C_subscribe,weak,ns,ns
C_subscribe,weak,ns,ns
C_subscribe,weak,ns,ns
C_subscribe,weak,ns,ns
C_subscribe,weak,ns,ns
C_subscribe,weak,ns,ns
C_subscribe,weak,ns,ns
C_subscribe,weak,ns,ns
C_subscribe,weak,ns,ns
C_subscribe,weak,ns,ns
C_subscribe,weak,ns,ns
C_subscribe,weak,ns,ns
C_subscribe,weak,ns,ns
C_subscribe,weak,ns,ns
C_subscribe,weak,ns,ns
C_subscribe,weak,ns,ns
C_subscribe,weak,ns,ns
C_subscribe,weak,ns,ns
C_subscribe,weak,ns,ns
C_subscribe,weak,ns,ns
C_subscribe,weak,ns,ns
C_subscribe,weak,ns,ns
C_subscribe,weak,ns,ns
C_subscribe,weak,ns,ns
C_subscribe,weak,ns,ns
C_subscribe,weak,ns,ns
C_subscribe,weak,ns,ns
C_subscribe,weak,ns,ns
C_subscribe,weak,ns,ns
C_subscribe,weak,ns,ns
D_unsubscribe,weak,ns,ns
D_unsubscribe,weak,ns,ns
D_unsubscribe,weak,ns,ns
D_unsubscribe,weak,ns,ns
D_unsubscribe,weak,ns,ns
D_unsubscribe,weak,ns,ns
D_unsubscribe,weak,ns,ns
D_unsubscribe,weak,ns,ns
D_unsubscribe,weak,ns,ns
D_unsubscribe,weak,ns,ns
D_unsubscribe,weak,ns,ns
D_unsubscribe,weak,ns,ns
D_unsubscribe,weak,ns,ns
D_unsubscribe,weak,ns,ns
D_unsubscribe,weak,ns,ns
D_unsubscribe,weak,ns,ns
D_unsubscribe,weak,ns,ns
D_unsubscribe,weak,ns,ns
D_unsubscribe,weak,ns,ns
D_unsubscribe,weak,ns,ns
D_unsubscribe,weak,ns,ns
D_unsubscribe,weak,ns,ns
D_unsubscribe,weak,ns,ns
D_unsubscribe,weak,ns,ns
D_unsubscribe,weak,ns,ns
D_unsubscribe,weak,ns,ns
D_unsubscribe,weak,ns,ns
D_unsubscribe,weak,ns,ns
D_unsubscribe,weak,ns,ns
D_unsubscribe,weak,ns,ns
D_unsubscribe,weak,ns,ns
D_unsubscribe,weak,ns,ns
D_unsubscribe,weak,ns,ns
D_unsubscribe,weak,ns,ns
D_unsubscribe,weak,ns,ns
D_unsubscribe,weak,ns,ns
D_unsubscribe,weak,ns,ns
D_unsubscribe,weak,ns,ns
D_unsubscribe,weak,ns,ns
D_unsubscribe,weak,ns,ns
D_unsubscribe,weak,ns,ns
D_unsubscribe,weak,ns,ns
D_unsubscribe,weak,ns,ns
D_unsubscribe,weak,ns,ns
D_unsubscribe,weak,ns,ns
D_unsubscribe,weak,ns,ns
D_unsubscribe,weak,ns,ns
D_unsubscribe,weak,ns,ns
D_unsubscribe,weak,ns,ns
D_unsubscribe,weak,ns,ns
E_update,weak,ns,ns
E_update,weak,ns,ns
E_update,weak,ns,ns
E_update,weak,ns,ns
E_update,weak,ns,ns
E_update,weak,ns,ns
E_update,weak,ns,ns
E_update,weak,ns,ns
E_update,weak,ns,ns
E_update,weak,ns,ns
E_update,weak,ns,ns
E_update,weak,ns,ns
E_update,weak,ns,ns
E_update,weak,ns,ns
E_update,weak,ns,ns
E_update,weak,ns,ns
E_update,weak,ns,ns
E_update,weak,ns,ns
E_update,weak,ns,ns
E_update,weak,ns,ns
E_update,weak,ns,ns
E_update,weak,ns,ns
E_update,weak,ns,ns
E_update,weak,ns,ns
E_update,weak,ns,ns
E_update,weak,ns,ns
E_update,weak,ns,ns
E_update,weak,ns,ns
E_update,weak,ns,ns
E_update,weak,ns,ns
E_update,weak,ns,ns
E_update,weak,ns,ns
E_update,weak,ns,ns
E_update,weak,ns,ns
E_update,weak,ns,ns
E_update,weak,ns,ns
E_update,weak,ns,ns
E_update,weak,ns,ns
E_update,weak,ns,ns
E_update,weak,ns,ns
E_update,weak,ns,ns
E_update,weak,ns,ns
E_update,weak,ns,ns
E_update,weak,ns,ns
E_update,weak,ns,ns
E_update,weak,ns,ns
E_update,weak,ns,ns
E_update,weak,ns,ns
E_update,weak,ns,ns
E_update,weak,ns,ns
A_create,legacy,ns,ns
A_create,legacy,ns,ns
A_create,legacy,ns,ns
A_create,legacy,ns,ns
A_create,legacy,ns,ns
A_create,legacy,ns,ns
A_create,legacy,ns,ns
A_create,legacy,ns,ns
A_create,legacy,ns,ns
A_create,legacy,ns,ns
A_create,legacy,ns,ns
A_create,legacy,ns,ns
A_create,legacy,ns,ns
A_create,legacy,ns,ns
A_create,legacy,ns,ns
A_create,legacy,ns,ns
A_create,legacy,ns,ns
A_create,legacy,ns,ns
A_create,legacy,ns,ns
A_create,legacy,ns,ns
A_create,legacy,ns,ns
A_create,legacy,ns,ns
A_create,legacy,ns,ns
A_create,legacy,ns,ns
A_create,legacy,ns,ns
A_create,legacy,ns,ns
A_create,legacy,ns,ns
A_create,legacy,ns,ns
A_create,legacy,ns,ns
A_create,legacy,ns,ns
A_create,legacy,ns,ns
A_create,legacy,ns,ns
A_create,legacy,ns,ns
A_create,legacy,ns,ns
A_create,legacy,ns,ns
A_create,legacy,ns,ns
A_create,legacy,ns,ns
A_create,legacy,ns,ns
A_create,legacy,ns,ns
A_create,legacy,ns,ns
A_create,legacy,ns,ns
A_create,legacy,ns,ns
A_create,legacy,ns,ns
A_create,legacy,ns,ns
A_create,legacy,ns,ns
A_create,legacy,ns,ns
A_create,legacy,ns,ns
A_create,legacy,ns,ns
A_create,legacy,ns,ns
A_create,legacy,ns,ns
B_destruct,legacy,ns,ns
B_destruct,legacy,ns,ns
B_destruct,legacy,ns,ns
B_destruct,legacy,ns,ns
B_destruct,legacy,ns,ns
B_destruct,legacy,ns,ns
B_destruct,legacy,ns,ns
B_destruct,legacy,ns,ns
B_destruct,legacy,ns,ns
B_destruct,legacy,ns,ns
B_destruct,legacy,ns,ns
B_destruct,legacy,ns,ns
B_destruct,legacy,ns,ns
B_destruct,legacy,ns,ns
B_destruct,legacy,ns,ns
B_destruct,legacy,ns,ns
B_destruct,legacy,ns,ns
B_destruct,legacy,ns,ns
B_destruct,legacy,ns,ns
B_destruct,legacy,ns,ns
B_destruct,legacy,ns,ns
B_destruct,legacy,ns,ns
B_destruct,legacy,ns,ns
B_destruct,legacy,ns,ns
B_destruct,legacy,ns,ns
B_destruct,legacy,ns,ns
B_destruct,legacy,ns,ns
B_destruct,legacy,ns,ns
B_destruct,legacy,ns,ns
B_destruct,legacy,ns,ns
B_destruct,legacy,ns,ns
B_destruct,legacy,ns,ns
B_destruct,legacy,ns,ns
B_destruct,legacy,ns,ns
B_destruct,legacy,ns,ns
B_destruct,legacy,ns,ns
B_destruct,legacy,ns,ns
B_destruct,legacy,ns,ns
B_destruct,legacy,ns,ns
B_destruct,legacy,ns,ns
B_destruct,legacy,ns,ns
B_destruct,legacy,ns,ns
B_destruct,legacy,ns,ns
B_destruct,legacy,ns,ns
B_destruct,legacy,ns,ns
B_destruct,legacy,ns,ns
B_destruct,legacy,ns,ns
B_destruct,legacy,ns,ns
B_destruct,legacy,ns,ns
B_destruct,legacy,ns,ns
C_subscribe,legacy,ns,ns
C_subscribe,legacy,ns,ns
C_subscribe,legacy,ns,ns
C_subscribe,legacy,ns,ns
C_subscribe,legacy,ns,ns
C_subscribe,legacy,ns,ns
C_subscribe,legacy,ns,ns
C_subscribe,legacy,ns,ns
C_subscribe,legacy,ns,ns
C_subscribe,legacy,ns,ns
C_subscribe,legacy,ns,ns
C_subscribe,legacy,ns,ns
C_subscribe,legacy,ns,ns
C_subscribe,legacy,ns,ns
C_subscribe,legacy,ns,ns
C_subscribe,legacy,ns,ns
C_subscribe,legacy,ns,ns
C_subscribe,legacy,ns,ns
C_subscribe,legacy,ns,ns
C_subscribe,legacy,ns,ns
C_subscribe,legacy,ns,ns
C_subscribe,legacy,ns,ns
C_subscribe,legacy,ns,ns
C_subscribe,legacy,ns,ns
C_subscribe,legacy,ns,ns
C_subscribe,legacy,ns,ns
C_subscribe,legacy,ns,ns
C_subscribe,legacy,ns,ns
C_subscribe,legacy,ns,ns
C_subscribe,legacy,ns,ns
C_subscribe,legacy,ns,ns
C_subscribe,legacy,ns,ns
C_subscribe,legacy,ns,ns
C_subscribe,legacy,ns,ns
C_subscribe,legacy,ns,ns
C_subscribe,legacy,ns,ns
C_subscribe,legacy,ns,ns
C_subscribe,legacy,ns,ns
C_subscribe,legacy,ns,ns
C_subscribe,legacy,ns,ns
C_subscribe,legacy,ns,ns
C_subscribe,legacy,ns,ns
C_subscribe,legacy,ns,ns
C_subscribe,legacy,ns,ns
C_subscribe,legacy,ns,ns
C_subscribe,legacy,ns,ns
C_subscribe,legacy,ns,ns
C_subscribe,legacy,ns,ns
C_subscribe,legacy,ns,ns
C_subscribe,legacy,ns,ns
D_unsubscribe,legacy,ns,ns
D_unsubscribe,legacy,ns,ns
D_unsubscribe,legacy,ns,ns
D_unsubscribe,legacy,ns,ns
D_unsubscribe,legacy,ns,ns
D_unsubscribe,legacy,ns,ns
D_unsubscribe,legacy,ns,ns
D_unsubscribe,legacy,ns,ns
D_unsubscribe,legacy,ns,ns
D_unsubscribe,legacy,ns,ns
D_unsubscribe,legacy,ns,ns
D_unsubscribe,legacy,ns,ns
D_unsubscribe,legacy,ns,ns
D_unsubscribe,legacy,ns,ns
D_unsubscribe,legacy,ns,ns
D_unsubscribe,legacy,ns,ns
D_unsubscribe,legacy,ns,ns
D_unsubscribe,legacy,ns,ns
D_unsubscribe,legacy,ns,ns
D_unsubscribe,legacy,ns,ns
D_unsubscribe,legacy,ns,ns
D_unsubscribe,legacy,ns,ns
D_unsubscribe,legacy,ns,ns
D_unsubscribe,legacy,ns,ns
D_unsubscribe,legacy,ns,ns
D_unsubscribe,legacy,ns,ns
D_unsubscribe,legacy,ns,ns
D_unsubscribe,legacy,ns,ns
D_unsubscribe,legacy,ns,ns
D_unsubscribe,legacy,ns,ns
D_unsubscribe,legacy,ns,ns
D_unsubscribe,legacy,ns,ns
D_unsubscribe,legacy,ns,ns
D_unsubscribe,legacy,ns,ns
D_unsubscribe,legacy,ns,ns
D_unsubscribe,legacy,ns,ns
D_unsubscribe,legacy,ns,ns
D_unsubscribe,legacy,ns,ns
D_unsubscribe,legacy,ns,ns
D_unsubscribe,legacy,ns,ns
D_unsubscribe,legacy,ns,ns
D_unsubscribe,legacy,ns,ns
D_unsubscribe,legacy,ns,ns
D_unsubscribe,legacy,ns,ns
D_unsubscribe,legacy,ns,ns
D_unsubscribe,legacy,ns,ns
D_unsubscribe,legacy,ns,ns
D_unsubscribe,legacy,ns,ns
D_unsubscribe,legacy,ns,ns
D_unsubscribe,legacy,ns,ns
E_update,legacy,ns,ns
E_update,legacy,ns,ns
E_update,legacy,ns,ns
E_update,legacy,ns,ns
E_update,legacy,ns,ns
E_update,legacy,ns,ns
E_update,legacy,ns,ns
E_update,legacy,ns,ns
E_update,legacy,ns,ns
E_update,legacy,ns,ns
E_update,legacy,ns,ns
E_update,legacy,ns,ns
E_update,legacy,ns,ns
E_update,legacy,ns,ns
E_update,legacy,ns,ns
E_update,legacy,ns,ns
E_update,legacy,ns,ns
E_update,legacy,ns,ns
E_update,legacy,ns,ns
E_update,legacy,ns,ns
E_update,legacy,ns,ns
E_update,legacy,ns,ns
E_update,legacy,ns,ns
E_update,legacy,ns,ns
E_update,legacy,ns,ns
E_update,legacy,ns,ns
E_update,legacy,ns,ns
E_update,legacy,ns,ns
E_update,legacy,ns,ns
E_update,legacy,ns,ns
E_update,legacy,ns,ns
E_update,legacy,ns,ns
E_update,legacy,ns,ns
E_update,legacy,ns,ns
E_update,legacy,ns,ns
E_update,legacy,ns,ns
E_update,legacy,ns,ns
E_update,legacy,ns,ns
E_update,legacy,ns,ns
E_update,legacy,ns,ns
E_update,legacy,ns,ns
E_update,legacy,ns,ns
E_update,legacy,ns,ns
E_update,legacy,ns,ns
E_update,legacy,ns,ns
E_update,legacy,ns,ns
E_update,legacy,ns,ns
E_update,legacy,ns,ns
E_update,legacy,ns,ns
E_update,legacy,ns,ns
A_create,subscription,ns,ns
A_create,subscription,ns,ns
A_create,subscription,ns,ns
A_create,subscription,ns,ns
A_create,subscription,ns,ns
A_create,subscription,ns,ns
A_create,subscription,ns,ns
A_create,subscription,ns,ns
A_create,subscription,ns,ns
A_create,subscription,ns,ns
A_create,subscription,ns,ns
A_create,subscription,ns,ns
A_create,subscription,ns,ns
A_create,subscription,ns,ns
A_create,subscription,ns,ns
A_create,subscription,ns,ns
A_create,subscription,ns,ns
A_create,subscription,ns,ns
A_create,subscription,ns,ns
A_create,subscription,ns,ns
A_create,subscription,ns,ns
A_create,subscription,ns,ns
A_create,subscription,ns,ns
A_create,subscription,ns,ns
A_create,subscription,ns,ns
A_create,subscription,ns,ns
A_create,subscription,ns,ns
A_create,subscription,ns,ns
A_create,subscription,ns,ns
A_create,subscription,ns,ns
A_create,subscription,ns,ns
A_create,subscription,ns,ns
A_create,subscription,ns,ns
A_create,subscription,ns,ns
A_create,subscription,ns,ns
A_create,subscription,ns,ns
A_create,subscription,ns,ns
A_create,subscription,ns,ns
A_create,subscription,ns,ns
A_create,subscription,ns,ns
A_create,subscription,ns,ns
A_create,subscription,ns,ns
A_create,subscription,ns,ns
A_create,subscription,ns,ns
A_create,subscription,ns,ns
A_create,subscription,ns,ns
A_create,subscription,ns,ns
A_create,subscription,ns,ns
A_create,subscription,ns,ns
A_create,subscription,ns,ns
B_destruct,subscription,ns,ns
B_destruct,subscription,ns,ns
B_destruct,subscription,ns,ns
B_destruct,subscription,ns,ns
B_destruct,subscription,ns,ns
B_destruct,subscription,ns,ns
B_destruct,subscription,ns,ns
B_destruct,subscription,ns,ns
B_destruct,subscription,ns,ns
B_destruct,subscription,ns,ns
B_destruct,subscription,ns,ns
B_destruct,subscription,ns,ns
B_destruct,subscription,ns,ns
B_destruct,subscription,ns,ns
B_destruct,subscription,ns,ns
B_destruct,subscription,ns,ns
B_destruct,subscription,ns,ns
B_destruct,subscription,ns,ns
B_destruct,subscription,ns,ns
B_destruct,subscription,ns,ns
B_destruct,subscription,ns,ns
B_destruct,subscription,ns,ns
B_destruct,subscription,ns,ns
B_destruct,subscription,ns,ns
B_destruct,subscription,ns,ns
B_destruct,subscription,ns,ns
B_destruct,subscription,ns,ns
B_destruct,subscription,ns,ns
B_destruct,subscription,ns,ns
B_destruct,subscription,ns,ns
B_destruct,subscription,ns,ns
B_destruct,subscription,ns,ns
B_destruct,subscription,ns,ns
B_destruct,subscription,ns,ns
B_destruct,subscription,ns,ns
B_destruct,subscription,ns,ns
B_destruct,subscription,ns,ns
B_destruct,subscription,ns,ns
B_destruct,subscription,ns,ns
B_destruct,subscription,ns,ns
B_destruct,subscription,ns,ns
B_destruct,subscription,ns,ns
B_destruct,subscription,ns,ns
B_destruct,subscription,ns,ns
B_destruct,subscription,ns,ns
B_destruct,subscription,ns,ns
B_destruct,subscription,ns,ns
B_destruct,subscription,ns,ns
B_destruct,subscription,ns,ns
B_destruct,subscription,ns,ns
C_subscribe,subscription,ns,ns
C_subscribe,subscription,ns,ns
C_subscribe,subscription,ns,ns
C_subscribe,subscription,ns,ns
C_subscribe,subscription,ns,ns
C_subscribe,subscription,ns,ns
C_subscribe,subscription,ns,ns
C_subscribe,subscription,ns,ns
C_subscribe,subscription,ns,ns
C_subscribe,subscription,ns,ns
C_subscribe,subscription,ns,ns
C_subscribe,subscription,ns,ns
C_subscribe,subscription,ns,ns
C_subscribe,subscription,ns,ns
C_subscribe,subscription,ns,ns
C_subscribe,subscription,ns,ns
C_subscribe,subscription,ns,ns
C_subscribe,subscription,ns,ns
C_subscribe,subscription,ns,ns
C_subscribe,subscription,ns,ns
C_subscribe,subscription,ns,ns
C_subscribe,subscription,ns,ns
C_subscribe,subscription,ns,ns
C_subscribe,subscription,ns,ns
C_subscribe,subscription,ns,ns
C_subscribe,subscription,ns,ns
C_subscribe,subscription,ns,ns
C_subscribe,subscription,ns,ns
C_subscribe,subscription,ns,ns
C_subscribe,subscription,ns,ns
C_subscribe,subscription,ns,ns
C_subscribe,subscription,ns,ns
C_subscribe,subscription,ns,ns
C_subscribe,subscription,ns,ns
C_subscribe,subscription,ns,ns
C_subscribe,subscription,ns,ns
C_subscribe,subscription,ns,ns
C_subscribe,subscription,ns,ns
C_subscribe,subscription,ns,ns
C_subscribe,subscription,ns,ns
C_subscribe,subscription,ns,ns
C_subscribe,subscription,ns,ns
C_subscribe,subscription,ns,ns
C_subscribe,subscription,ns,ns
C_subscribe,subscription,ns,ns
C_subscribe,subscription,ns,ns
C_subscribe,subscription,ns,ns
C_subscribe,subscription,ns,ns
C_subscribe,subscription,ns,ns
C_subscribe,subscription,ns,ns
D_unsubscribe,subscription,ns,ns
D_unsubscribe,subscription,ns,ns
D_unsubscribe,subscription,ns,ns
D_unsubscribe,subscription,ns,ns
D_unsubscribe,subscription,ns,ns
D_unsubscribe,subscription,ns,ns
D_unsubscribe,subscription,ns,ns
D_unsubscribe,subscription,ns,ns
D_unsubscribe,subscription,ns,ns
D_unsubscribe,subscription,ns,ns
D_unsubscribe,subscription,ns,ns
D_unsubscribe,subscription,ns,ns
D_unsubscribe,subscription,ns,ns
D_unsubscribe,subscription,ns,ns
D_unsubscribe,subscription,ns,ns
D_unsubscribe,subscription,ns,ns
D_unsubscribe,subscription,ns,ns
D_unsubscribe,subscription,ns,ns
D_unsubscribe,subscription,ns,ns
D_unsubscribe,subscription,ns,ns
D_unsubscribe,subscription,ns,ns
D_unsubscribe,subscription,ns,ns
D_unsubscribe,subscription,ns,ns
D_unsubscribe,subscription,ns,ns
D_unsubscribe,subscription,ns,ns
D_unsubscribe,subscription,ns,ns
D_unsubscribe,subscription,ns,ns
D_unsubscribe,subscription,ns,ns
D_unsubscribe,subscription,ns,ns
D_unsubscribe,subscription,ns,ns
D_unsubscribe,subscription,ns,ns
D_unsubscribe,subscription,ns,ns
D_unsubscribe,subscription,ns,ns
D_unsubscribe,subscription,ns,ns
D_unsubscribe,subscription,ns,ns
D_unsubscribe,subscription,ns,ns
D_unsubscribe,subscription,ns,ns
D_unsubscribe,subscription,ns,ns
D_unsubscribe,subscription,ns,ns
D_unsubscribe,subscription,ns,ns
D_unsubscribe,subscription,ns,ns
D_unsubscribe,subscription,ns,ns
D_unsubscribe,subscription,ns,ns
D_unsubscribe,subscription,ns,ns
D_unsubscribe,subscription,ns,ns
D_unsubscribe,subscription,ns,ns
D_unsubscribe,subscription,ns,ns
D_unsubscribe,subscription,ns,ns
D_unsubscribe,subscription,ns,ns
D_unsubscribe,subscription,ns,ns
E_update,subscription,ns,ns
E_update,subscription,ns,ns
E_update,subscription,ns,ns
E_update,subscription,ns,ns
E_update,subscription,ns,ns
E_update,subscription,ns,ns
E_update,subscription,ns,ns
E_update,subscription,ns,ns
E_update,subscription,ns,ns
E_update,subscription,ns,ns
E_update,subscription,ns,ns
E_update,subscription,ns,ns
E_update,subscription,ns,ns
E_update,subscription,ns,ns
E_update,subscription,ns,ns
E_update,subscription,ns,ns
E_update,subscription,ns,ns
E_update,subscription,ns,ns
E_update,subscription,ns,ns
E_update,subscription,ns,ns
E_update,subscription,ns,ns
E_update,subscription,ns,ns
E_update,subscription,ns,ns
E_update,subscription,ns,ns
E_update,subscription,ns,ns
E_update,subscription,ns,ns
E_update,subscription,ns,ns
E_update,subscription,ns,ns
E_update,subscription,ns,ns
E_update,subscription,ns,ns
E_update,subscription,ns,ns
E_update,subscription,ns,ns
E_update,subscription,ns,ns
E_update,subscription,ns,ns
E_update,subscription,ns,ns
E_update,subscription,ns,ns
E_update,subscription,ns,ns
E_update,subscription,ns,ns
E_update,subscription,ns,ns
E_update,subscription,ns,ns
E_update,subscription,ns,ns
E_update,subscription,ns,ns
E_update,subscription,ns,ns
E_update,subscription,ns,ns
E_update,subscription,ns,ns
E_update,subscription,ns,ns
E_update,subscription,ns,ns
E_update,subscription,ns,ns
E_update,subscription,ns,ns
E_update,subscription,ns,ns
A_create,weak,ns,ns
A_create,weak,ns,ns
A_create,weak,ns,ns
A_create,weak,ns,ns
A_create,weak,ns,ns
A_create,weak,ns,ns
A_create,weak,ns,ns
A_create,weak,ns,ns
A_create,weak,ns,ns
A_create,weak,ns,ns
A_create,weak,ns,ns
A_create,weak,ns,ns
A_create,weak,ns,ns
A_create,weak,ns,ns
A_create,weak,ns,ns
A_create,weak,ns,ns
A_create,weak,ns,ns
A_create,weak,ns,ns
A_create,weak,ns,ns
A_create,weak,ns,ns
A_create,weak,ns,ns
A_create,weak,ns,ns
A_create,weak,ns,ns
A_create,weak,ns,ns
A_create,weak,ns,ns
A_create,weak,ns,ns
A_create,weak,ns,ns
A_create,weak,ns,ns
A_create,weak,ns,ns
A_create,weak,ns,ns
A_create,weak,ns,ns
A_create,weak,ns,ns
A_create,weak,ns,ns
A_create,weak,ns,ns
A_create,weak,ns,ns
A_create,weak,ns,ns
A_create,weak,ns,ns
A_create,weak,ns,ns
A_create,weak,ns,ns
A_create,weak,ns,ns
A_create,weak,ns,ns
A_create,weak,ns,ns
A_create,weak,ns,ns
A_create,weak,ns,ns
A_create,weak,ns,ns
A_create,weak,ns,ns
A_create,weak,ns,ns
A_create,weak,ns,ns
A_create,weak,ns,ns
A_create,weak,ns,ns
B_destruct,weak,ns,ns
B_destruct,weak,ns,ns
B_destruct,weak,ns,ns
B_destruct,weak,ns,ns
B_destruct,weak,ns,ns
B_destruct,weak,ns,ns
B_destruct,weak,ns,ns
B_destruct,weak,ns,ns
B_destruct,weak,ns,ns
B_destruct,weak,ns,ns
B_destruct,weak,ns,ns
B_destruct,weak,ns,ns
B_destruct,weak,ns,ns
B_destruct,weak,ns,ns
B_destruct,weak,ns,ns
B_destruct,weak,ns,ns
B_destruct,weak,ns,ns
B_destruct,weak,ns,ns
B_destruct,weak,ns,ns
B_destruct,weak,ns,ns
B_destruct,weak,ns,ns
B_destruct,weak,ns,ns
B_destruct,weak,ns,ns
B_destruct,weak,ns,ns
B_destruct,weak,ns,ns
B_destruct,weak,ns,ns
B_destruct,weak,ns,ns
B_destruct,weak,ns,ns
B_destruct,weak,ns,ns
B_destruct,weak,ns,ns
B_destruct,weak,ns,ns
B_destruct,weak,ns,ns
B_destruct,weak,ns,ns
B_destruct,weak,ns,ns
B_destruct,weak,ns,ns
B_destruct,weak,ns,ns
B_destruct,weak,ns,ns
B_destruct,weak,ns,ns
B_destruct,weak,ns,ns
B_destruct,weak,ns,ns
B_destruct,weak,ns,ns
B_destruct,weak,ns,ns
B_destruct,weak,ns,ns
B_destruct,weak,ns,ns
B_destruct,weak,ns,ns
B_destruct,weak,ns,ns
B_destruct,weak,ns,ns
B_destruct,weak,ns,ns
B_destruct,weak,ns,ns
B_destruct,weak,ns,ns
C_subscribe,weak,ns,ns
C_subscribe,weak,ns,ns
C_subscribe,weak,ns,ns
C_subscribe,weak,ns,ns
C_subscribe,weak,ns,ns
C_subscribe,weak,ns,ns
C_subscribe,weak,ns,ns
C_subscribe,weak,ns,ns
C_subscribe,weak,ns,ns
C_subscribe,weak,ns,ns
C_subscribe,weak,ns,ns
C_subscribe,weak,ns,ns
C_subscribe,weak,ns,ns
C_subscribe,weak,ns,ns
C_subscribe,weak,ns,ns
C_subscribe,weak,ns,ns
C_subscribe,weak,ns,ns
C_subscribe,weak,ns,ns
C_subscribe,weak,ns,ns
C_subscribe,weak,ns,ns
C_subscribe,weak,ns,ns
C_subscribe,weak,ns,ns
C_subscribe,weak,ns,ns
C_subscribe,weak,ns,ns
C_subscribe,weak,ns,ns
C_subscribe,weak,ns,ns
C_subscribe,weak,ns,ns
C_subscribe,weak,ns,ns
C_subscribe,weak,ns,ns
C_subscribe,weak,ns,ns
C_subscribe,weak,ns,ns
C_subscribe,weak,ns,ns
C_subscribe,weak,ns,ns
C_subscribe,weak,ns,ns
C_subscribe,weak,ns,ns
C_subscribe,weak,ns,ns
C_subscribe,weak,ns,ns
C_subscribe,weak,ns,ns
C_subscribe,weak,ns,ns
C_subscribe,weak,ns,ns
C_subscribe,weak,ns,ns
C_subscribe,weak,ns,ns
C_subscribe,weak,ns,ns
C_subscribe,weak,ns,ns
C_subscribe,weak,ns,ns
C_subscribe,weak,ns,ns
C_subscribe,weak,ns,ns
C_subscribe,weak,ns,ns
C_subscribe,weak,ns,ns
C_subscribe,weak,ns,ns
D_unsubscribe,weak,ns,ns
D_unsubscribe,weak,ns,ns
D_unsubscribe,weak,ns,ns
D_unsubscribe,weak,ns,ns
D_unsubscribe,weak,ns,ns
D_unsubscribe,weak,ns,ns
D_unsubscribe,weak,ns,ns
D_unsubscribe,weak,ns,ns
D_unsubscribe,weak,ns,ns
D_unsubscribe,weak,ns,ns
D_unsubscribe,weak,ns,ns
D_unsubscribe,weak,ns,ns
D_unsubscribe,weak,ns,ns
D_unsubscribe,weak,ns,ns
D_unsubscribe,weak,ns,ns
D_unsubscribe,weak,ns,ns
D_unsubscribe,weak,ns,ns
D_unsubscribe,weak,ns,ns
D_unsubscribe,weak,ns,ns
D_unsubscribe,weak,ns,ns
D_unsubscribe,weak,ns,ns
D_unsubscribe,weak,ns,ns
D_unsubscribe,weak,ns,ns
D_unsubscribe,weak,ns,ns
D_unsubscribe,weak,ns,ns
D_unsubscribe,weak,ns,ns
D_unsubscribe,weak,ns,ns
D_unsubscribe,weak,ns,ns
D_unsubscribe,weak,ns,ns
D_unsubscribe,weak,ns,ns
D_unsubscribe,weak,ns,ns
D_unsubscribe,weak,ns,ns
D_unsubscribe,weak,ns,ns
D_unsubscribe,weak,ns,ns
D_unsubscribe,weak,ns,ns
D_unsubscribe,weak,ns,ns
D_unsubscribe,weak,ns,ns
D_unsubscribe,weak,ns,ns
D_unsubscribe,weak,ns,ns
D_unsubscribe,weak,ns,ns
D_unsubscribe,weak,ns,ns
D_unsubscribe,weak,ns,ns
D_unsubscribe,weak,ns,ns
D_unsubscribe,weak,ns,ns
D_unsubscribe,weak,ns,ns
D_unsubscribe,weak,ns,ns
D_unsubscribe,weak,ns,ns
D_unsubscribe,weak,ns,ns
D_unsubscribe,weak,ns,ns
D_unsubscribe,weak,ns,ns
E_update,weak,ns,ns
E_update,weak,ns,ns
E_update,weak,ns,ns
E_update,weak,ns,ns
E_update,weak,ns,ns
E_update,weak,ns,ns
E_update,weak,ns,ns
E_update,weak,ns,ns
E_update,weak,ns,ns
E_update,weak,ns,ns
E_update,weak,ns,ns
E_update,weak,ns,ns
E_update,weak,ns,ns
E_update,weak,ns,ns
E_update,weak,ns,ns
E_update,weak,ns,ns
E_update,weak,ns,ns
E_update,weak,ns,ns
E_update,weak,ns,ns
E_update,weak,ns,ns
E_update,weak,ns,ns
E_update,weak,ns,ns
E_update,weak,ns,ns
E_update,weak,ns,ns
E_update,weak,ns,ns
E_update,weak,ns,ns
E_update,weak,ns,ns
E_update,weak,ns,ns
E_update,weak,ns,ns
E_update,weak,ns,ns
E_update,weak,ns,ns
E_update,weak,ns,ns
E_update,weak,ns,ns
E_update,weak,ns,ns
E_update,weak,ns,ns
E_update,weak,ns,ns
E_update,weak,ns,ns
E_update,weak,ns,ns
E_update,weak,ns,ns
E_update,weak,ns,ns
E_update,weak,ns,ns
E_update,weak,ns,ns
E_update,weak,ns,ns
E_update,weak,ns,ns
E_update,weak,ns,ns
E_update,weak,ns,ns
E_update,weak,ns,ns
E_update,weak,ns,ns
E_update,weak,ns,ns
E_update,weak,ns,ns
A_create,legacy,ns,ns
A_create,legacy,ns,ns
A_create,legacy,ns,ns
A_create,legacy,ns,ns
A_create,legacy,ns,ns
A_create,legacy,ns,ns
A_create,legacy,ns,ns
A_create,legacy,ns,ns
A_create,legacy,ns,ns
A_create,legacy,ns,ns
A_create,legacy,ns,ns
A_create,legacy,ns,ns
A_create,legacy,ns,ns
A_create,legacy,ns,ns
A_create,legacy,ns,ns
A_create,legacy,ns,ns
A_create,legacy,ns,ns
A_create,legacy,ns,ns
A_create,legacy,ns,ns
A_create,legacy,ns,ns
A_create,legacy,ns,ns
A_create,legacy,ns,ns
A_create,legacy,ns,ns
A_create,legacy,ns,ns
A_create,legacy,ns,ns
A_create,legacy,ns,ns
A_create,legacy,ns,ns
A_create,legacy,ns,ns
A_create,legacy,ns,ns
A_create,legacy,ns,ns
A_create,legacy,ns,ns
A_create,legacy,ns,ns
A_create,legacy,ns,ns
A_create,legacy,ns,ns
A_create,legacy,ns,ns
A_create,legacy,ns,ns
A_create,legacy,ns,ns
A_create,legacy,ns,ns
A_create,legacy,ns,ns
A_create,legacy,ns,ns
A_create,legacy,ns,ns
A_create,legacy,ns,ns
A_create,legacy,ns,ns
A_create,legacy,ns,ns
A_create,legacy,ns,ns
A_create,legacy,ns,ns
A_create,legacy,ns,ns
A_create,legacy,ns,ns
A_create,legacy,ns,ns
A_create,legacy,ns,ns
B_destruct,legacy,ns,ns
B_destruct,legacy,ns,ns
B_destruct,legacy,ns,ns
B_destruct,legacy,ns,ns
B_destruct,legacy,ns,ns
B_destruct,legacy,ns,ns
B_destruct,legacy,ns,ns
B_destruct,legacy,ns,ns
B_destruct,legacy,ns,ns
B_destruct,legacy,ns,ns
B_destruct,legacy,ns,ns
B_destruct,legacy,ns,ns
B_destruct,legacy,ns,ns
B_destruct,legacy,ns,ns
B_destruct,legacy,ns,ns
B_destruct,legacy,ns,ns
B_destruct,legacy,ns,ns
B_destruct,legacy,ns,ns
B_destruct,legacy,ns,ns
B_destruct,legacy,ns,ns
B_destruct,legacy,ns,ns
B_destruct,legacy,ns,ns
B_destruct,legacy,ns,ns
B_destruct,legacy,ns,ns
B_destruct,legacy,ns,ns
B_destruct,legacy,ns,ns
B_destruct,legacy,ns,ns
B_destruct,legacy,ns,ns
B_destruct,legacy,ns,ns
B_destruct,legacy,ns,ns
B_destruct,legacy,ns,ns
B_destruct,legacy,ns,ns
B_destruct,legacy,ns,ns
B_destruct,legacy,ns,ns
B_destruct,legacy,ns,ns
B_destruct,legacy,ns,ns
B_destruct,legacy,ns,ns
B_destruct,legacy,ns,ns
B_destruct,legacy,ns,ns
B_destruct,legacy,ns,ns
B_destruct,legacy,ns,ns
B_destruct,legacy,ns,ns
B_destruct,legacy,ns,ns
B_destruct,legacy,ns,ns
B_destruct,legacy,ns,ns
B_destruct,legacy,ns,ns
B_destruct,legacy,ns,ns
B_destruct,legacy,ns,ns
B_destruct,legacy,ns,ns
B_destruct,legacy,ns,ns
C_subscribe,legacy,ns,ns
C_subscribe,legacy,ns,ns
C_subscribe,legacy,ns,ns
C_subscribe,legacy,ns,ns
C_subscribe,legacy,ns,ns
C_subscribe,legacy,ns,ns
C_subscribe,legacy,ns,ns
C_subscribe,legacy,ns,ns
C_subscribe,legacy,ns,ns
C_subscribe,legacy,ns,ns
C_subscribe,legacy,ns,ns
C_subscribe,legacy,ns,ns
C_subscribe,legacy,ns,ns
C_subscribe,legacy,ns,ns
C_subscribe,legacy,ns,ns
C_subscribe,legacy,ns,ns
C_subscribe,legacy,ns,ns
C_subscribe,legacy,ns,ns
C_subscribe,legacy,ns,ns
C_subscribe,legacy,ns,ns
C_subscribe,legacy,ns,ns
C_subscribe,legacy,ns,ns
C_subscribe,legacy,ns,ns
C_subscribe,legacy,ns,ns
C_subscribe,legacy,ns,ns
C_subscribe,legacy,ns,ns
C_subscribe,legacy,ns,ns
C_subscribe,legacy,ns,ns
C_subscribe,legacy,ns,ns
C_subscribe,legacy,ns,ns
C_subscribe,legacy,ns,ns
C_subscribe,legacy,ns,ns
C_subscribe,legacy,ns,ns
C_subscribe,legacy,ns,ns
C_subscribe,legacy,ns,ns
C_subscribe,legacy,ns,ns
C_subscribe,legacy,ns,ns
C_subscribe,legacy,ns,ns
C_subscribe,legacy,ns,ns
C_subscribe,legacy,ns,ns
C_subscribe,legacy,ns,ns
C_subscribe,legacy,ns,ns
C_subscribe,legacy,ns,ns
C_subscribe,legacy,ns,ns
C_subscribe,legacy,ns,ns
C_subscribe,legacy,ns,ns
C_subscribe,legacy,ns,ns
C_subscribe,legacy,ns,ns
C_subscribe,legacy,ns,ns
C_subscribe,legacy,ns,ns
D_unsubscribe,legacy,ns,ns
D_unsubscribe,legacy,ns,ns
D_unsubscribe,legacy,ns,ns
D_unsubscribe,legacy,ns,ns
D_unsubscribe,legacy,ns,ns
D_unsubscribe,legacy,ns,ns
D_unsubscribe,legacy,ns,ns
D_unsubscribe,legacy,ns,ns
D_unsubscribe,legacy,ns,ns
D_unsubscribe,legacy,ns,ns
D_unsubscribe,legacy,ns,ns
D_unsubscribe,legacy,ns,ns
D_unsubscribe,legacy,ns,ns
D_unsubscribe,legacy,ns,ns
D_unsubscribe,legacy,ns,ns
D_unsubscribe,legacy,ns,ns
D_unsubscribe,legacy,ns,ns
D_unsubscribe,legacy,ns,ns
D_unsubscribe,legacy,ns,ns
D_unsubscribe,legacy,ns,ns
D_unsubscribe,legacy,ns,ns
D_unsubscribe,legacy,ns,ns
D_unsubscribe,legacy,ns,ns
D_unsubscribe,legacy,ns,ns
D_unsubscribe,legacy,ns,ns
D_unsubscribe,legacy,ns,ns
D_unsubscribe,legacy,ns,ns
D_unsubscribe,legacy,ns,ns
D_unsubscribe,legacy,ns,ns
D_unsubscribe,legacy,ns,ns
D_unsubscribe,legacy,ns,ns
D_unsubscribe,legacy,ns,ns
D_unsubscribe,legacy,ns,ns
D_unsubscribe,legacy,ns,ns
D_unsubscribe,legacy,ns,ns
D_unsubscribe,legacy,ns,ns
D_unsubscribe,legacy,ns,ns
D_unsubscribe,legacy,ns,ns
D_unsubscribe,legacy,ns,ns
D_unsubscribe,legacy,ns,ns
D_unsubscribe,legacy,ns,ns
D_unsubscribe,legacy,ns,ns
D_unsubscribe,legacy,ns,ns
D_unsubscribe,legacy,ns,ns
D_unsubscribe,legacy,ns,ns
D_unsubscribe,legacy,ns,ns
D_unsubscribe,legacy,ns,ns
D_unsubscribe,legacy,ns,ns
D_unsubscribe,legacy,ns,ns
D_unsubscribe,legacy,ns,ns
E_update,legacy,ns,ns
E_update,legacy,ns,ns
E_update,legacy,ns,ns
E_update,legacy,ns,ns
E_update,legacy,ns,ns
E_update,legacy,ns,ns
E_update,legacy,ns,ns
E_update,legacy,ns,ns
E_update,legacy,ns,ns
E_update,legacy,ns,ns
E_update,legacy,ns,ns
E_update,legacy,ns,ns
E_update,legacy,ns,ns
E_update,legacy,ns,ns
E_update,legacy,ns,ns
E_update,legacy,ns,ns
E_update,legacy,ns,ns
E_update,legacy,ns,ns
E_update,legacy,ns,ns
E_update,legacy,ns,ns
E_update,legacy,ns,ns
E_update,legacy,ns,ns
E_update,legacy,ns,ns
E_update,legacy,ns,ns
E_update,legacy,ns,ns
E_update,legacy,ns,ns
E_update,legacy,ns,ns
E_update,legacy,ns,ns
E_update,legacy,ns,ns
E_update,legacy,ns,ns
E_update,legacy,ns,ns
E_update,legacy,ns,ns
E_update,legacy,ns,ns
E_update,legacy,ns,ns
E_update,legacy,ns,ns
E_update,legacy,ns,ns
E_update,legacy,ns,ns
E_update,legacy,ns,ns
E_update,legacy,ns,ns
E_update,legacy,ns,ns
E_update,legacy,ns,ns
E_update,legacy,ns,ns
E_update,legacy,ns,ns
E_update,legacy,ns,ns
E_update,legacy,ns,ns
E_update,legacy,ns,ns
E_update,legacy,ns,ns
E_update,legacy,ns,ns
E_update,legacy,ns,ns
E_update,legacy,ns,ns
A_create,subscription,ns,ns
A_create,subscription,ns,ns
A_create,subscription,ns,ns
A_create,subscription,ns,ns
A_create,subscription,ns,ns
A_create,subscription,ns,ns
A_create,subscription,ns,ns
A_create,subscription,ns,ns
A_create,subscription,ns,ns
A_create,subscription,ns,ns
A_create,subscription,ns,ns
A_create,subscription,ns,ns
A_create,subscription,ns,ns
A_create,subscription,ns,ns
A_create,subscription,ns,ns
A_create,subscription,ns,ns
A_create,subscription,ns,ns
A_create,subscription,ns,ns
A_create,subscription,ns,ns
A_create,subscription,ns,ns
A_create,subscription,ns,ns
A_create,subscription,ns,ns
A_create,subscription,ns,ns
A_create,subscription,ns,ns
A_create,subscription,ns,ns
A_create,subscription,ns,ns
A_create,subscription,ns,ns
A_create,subscription,ns,ns
A_create,subscription,ns,ns
A_create,subscription,ns,ns
A_create,subscription,ns,ns
A_create,subscription,ns,ns
A_create,subscription,ns,ns
A_create,subscription,ns,ns
A_create,subscription,ns,ns
A_create,subscription,ns,ns
A_create,subscription,ns,ns
A_create,subscription,ns,ns
A_create,subscription,ns,ns
A_create,subscription,ns,ns
A_create,subscription,ns,ns
A_create,subscription,ns,ns
A_create,subscription,ns,ns
A_create,subscription,ns,ns
A_create,subscription,ns,ns
A_create,subscription,ns,ns
A_create,subscription,ns,ns
A_create,subscription,ns,ns
A_create,subscription,ns,ns
A_create,subscription,ns,ns
B_destruct,subscription,ns,ns
B_destruct,subscription,ns,ns
B_destruct,subscription,ns,ns
B_destruct,subscription,ns,ns
B_destruct,subscription,ns,ns
B_destruct,subscription,ns,ns
B_destruct,subscription,ns,ns
B_destruct,subscription,ns,ns
B_destruct,subscription,ns,ns
B_destruct,subscription,ns,ns
B_destruct,subscription,ns,ns
B_destruct,subscription,ns,ns
B_destruct,subscription,ns,ns
B_destruct,subscription,ns,ns
B_destruct,subscription,ns,ns
B_destruct,subscription,ns,ns
B_destruct,subscription,ns,ns
B_destruct,subscription,ns,ns
B_destruct,subscription,ns,ns
B_destruct,subscription,ns,ns
B_destruct,subscription,ns,ns
B_destruct,subscription,ns,ns
B_destruct,subscription,ns,ns
B_destruct,subscription,ns,ns
B_destruct,subscription,ns,ns
B_destruct,subscription,ns,ns
B_destruct,subscription,ns,ns
B_destruct,subscription,ns,ns
B_destruct,subscription,ns,ns
B_destruct,subscription,ns,ns
B_destruct,subscription,ns,ns
B_destruct,subscription,ns,ns
B_destruct,subscription,ns,ns
B_destruct,subscription,ns,ns
B_destruct,subscription,ns,ns
B_destruct,subscription,ns,ns
B_destruct,subscription,ns,ns
B_destruct,subscription,ns,ns
B_destruct,subscription,ns,ns
B_destruct,subscription,ns,ns
B_destruct,subscription,ns,ns
B_destruct,subscription,ns,ns
B_destruct,subscription,ns,ns
B_destruct,subscription,ns,ns
B_destruct,subscription,ns,ns
B_destruct,subscription,ns,ns
B_destruct,subscription,ns,ns
B_destruct,subscription,ns,ns
B_destruct,subscription,ns,ns
B_destruct,subscription,ns,ns
C_subscribe,subscription,ns,ns
C_subscribe,subscription,ns,ns
C_subscribe,subscription,ns,ns
C_subscribe,subscription,ns,ns
C_subscribe,subscription,ns,ns
C_subscribe,subscription,ns,ns
C_subscribe,subscription,ns,ns
C_subscribe,subscription,ns,ns
C_subscribe,subscription,ns,ns
C_subscribe,subscription,ns,ns
C_subscribe,subscription,ns,ns
C_subscribe,subscription,ns,ns
C_subscribe,subscription,ns,ns
C_subscribe,subscription,ns,ns
C_subscribe,subscription,ns,ns
C_subscribe,subscription,ns,ns
C_subscribe,subscription,ns,ns
C_subscribe,subscription,ns,ns
C_subscribe,subscription,ns,ns
C_subscribe,subscription,ns,ns
C_subscribe,subscription,ns,ns
C_subscribe,subscription,ns,ns
C_subscribe,subscription,ns,ns
C_subscribe,subscription,ns,ns
C_subscribe,subscription,ns,ns
C_subscribe,subscription,ns,ns
C_subscribe,subscription,ns,ns
C_subscribe,subscription,ns,ns
C_subscribe,subscription,ns,ns
C_subscribe,subscription,ns,ns
C_subscribe,subscription,ns,ns
C_subscribe,subscription,ns,ns
C_subscribe,subscription,ns,ns
C_subscribe,subscription,ns,ns
C_subscribe,subscription,ns,ns
C_subscribe,subscription,ns,ns
C_subscribe,subscription,ns,ns
C_subscribe,subscription,ns,ns
C_subscribe,subscription,ns,ns
C_subscribe,subscription,ns,ns
C_subscribe,subscription,ns,ns
C_subscribe,subscription,ns,ns
C_subscribe,subscription,ns,ns
C_subscribe,subscription,ns,ns
C_subscribe,subscription,ns,ns
C_subscribe,subscription,ns,ns
C_subscribe,subscription,ns,ns
C_subscribe,subscription,ns,ns
C_subscribe,subscription,ns,ns
C_subscribe,subscription,ns,ns
D_unsubscribe,subscription,ns,ns
D_unsubscribe,subscription,ns,ns
D_unsubscribe,subscription,ns,ns
D_unsubscribe,subscription,ns,ns
D_unsubscribe,subscription,ns,ns
D_unsubscribe,subscription,ns,ns
D_unsubscribe,subscription,ns,ns
D_unsubscribe,subscription,ns,ns
D_unsubscribe,subscription,ns,ns
D_unsubscribe,subscription,ns,ns
D_unsubscribe,subscription,ns,ns
D_unsubscribe,subscription,ns,ns
D_unsubscribe,subscription,ns,ns
D_unsubscribe,subscription,ns,ns
D_unsubscribe,subscription,ns,ns
D_unsubscribe,subscription,ns,ns
D_unsubscribe,subscription,ns,ns
D_unsubscribe,subscription,ns,ns
D_unsubscribe,subscription,ns,ns
D_unsubscribe,subscription,ns,ns
D_unsubscribe,subscription,ns,ns
D_unsubscribe,subscription,ns,ns
D_unsubscribe,subscription,ns,ns
D_unsubscribe,subscription,ns,ns
D_unsubscribe,subscription,ns,ns
D_unsubscribe,subscription,ns,ns
D_unsubscribe,subscription,ns,ns
D_unsubscribe,subscription,ns,ns
D_unsubscribe,subscription,ns,ns
D_unsubscribe,subscription,ns,ns
D_unsubscribe,subscription,ns,ns
D_unsubscribe,subscription,ns,ns
D_unsubscribe,subscription,ns,ns
D_unsubscribe,subscription,ns,ns
D_unsubscribe,subscription,ns,ns
D_unsubscribe,subscription,ns,ns
D_unsubscribe,subscription,ns,ns
D_unsubscribe,subscription,ns,ns
D_unsubscribe,subscription,ns,ns
D_unsubscribe,subscription,ns,ns
D_unsubscribe,subscription,ns,ns
D_unsubscribe,subscription,ns,ns
D_unsubscribe,subscription,ns,ns
D_unsubscribe,subscription,ns,ns
D_unsubscribe,subscription,ns,ns
D_unsubscribe,subscription,ns,ns
D_unsubscribe,subscription,ns,ns
D_unsubscribe,subscription,ns,ns
D_unsubscribe,subscription,ns,ns
D_unsubscribe,subscription,ns,ns
E_update,subscription,ns,ns
E_update,subscription,ns,ns
E_update,subscription,ns,ns
E_update,subscription,ns,ns
E_update,subscription,ns,ns
E_update,subscription,ns,ns
E_update,subscription,ns,ns
E_update,subscription,ns,ns
E_update,subscription,ns,ns
E_update,subscription,ns,ns
E_update,subscription,ns,ns
E_update,subscription,ns,ns
E_update,subscription,ns,ns
E_update,subscription,ns,ns
E_update,subscription,ns,ns
E_update,subscription,ns,ns
E_update,subscription,ns,ns
E_update,subscription,ns,ns
E_update,subscription,ns,ns
E_update,subscription,ns,ns
E_update,subscription,ns,ns
E_update,subscription,ns,ns
E_update,subscription,ns,ns
E_update,subscription,ns,ns
E_update,subscription,ns,ns
E_update,subscription,ns,ns
E_update,subscription,ns,ns
E_update,subscription,ns,ns
E_update,subscription,ns,ns
E_update,subscription,ns,ns
E_update,subscription,ns,ns
E_update,subscription,ns,ns
E_update,subscription,ns,ns
E_update,subscription,ns,ns
E_update,subscription,ns,ns
E_update,subscription,ns,ns
E_update,subscription,ns,ns
E_update,subscription,ns,ns
E_update,subscription,ns,ns
E_update,subscription,ns,ns
E_update,subscription,ns,ns
E_update,subscription,ns,ns
E_update,subscription,ns,ns
E_update,subscription,ns,ns
E_update,subscription,ns,ns
E_update,subscription,ns,ns
E_update,subscription,ns,ns
E_update,subscription,ns,ns
E_update,subscription,ns,ns
E_update,subscription,ns,ns
A_create,weak,ns,ns
A_create,weak,ns,ns
A_create,weak,ns,ns
A_create,weak,ns,ns
A_create,weak,ns,ns
A_create,weak,ns,ns
A_create,weak,ns,ns
A_create,weak,ns,ns
A_create,weak,ns,ns
A_create,weak,ns,ns
A_create,weak,ns,ns
A_create,weak,ns,ns
A_create,weak,ns,ns
A_create,weak,ns,ns
A_create,weak,ns,ns
A_create,weak,ns,ns
A_create,weak,ns,ns
A_create,weak,ns,ns
A_create,weak,ns,ns
A_create,weak,ns,ns
A_create,weak,ns,ns
A_create,weak,ns,ns
A_create,weak,ns,ns
A_create,weak,ns,ns
A_create,weak,ns,ns
A_create,weak,ns,ns
A_create,weak,ns,ns
A_create,weak,ns,ns
A_create,weak,ns,ns
A_create,weak,ns,ns
A_create,weak,ns,ns
A_create,weak,ns,ns
A_create,weak,ns,ns
A_create,weak,ns,ns
A_create,weak,ns,ns
A_create,weak,ns,ns
A_create,weak,ns,ns
A_create,weak,ns,ns
A_create,weak,ns,ns
A_create,weak,ns,ns
A_create,weak,ns,ns
A_create,weak,ns,ns
A_create,weak,ns,ns
A_create,weak,ns,ns
A_create,weak,ns,ns
A_create,weak,ns,ns
A_create,weak,ns,ns
A_create,weak,ns,ns
A_create,weak,ns,ns
A_create,weak,ns,ns
B_destruct,weak,ns,ns
B_destruct,weak,ns,ns
B_destruct,weak,ns,ns
B_destruct,weak,ns,ns
B_destruct,weak,ns,ns
B_destruct,weak,ns,ns
B_destruct,weak,ns,ns
B_destruct,weak,ns,ns
B_destruct,weak,ns,ns
B_destruct,weak,ns,ns
B_destruct,weak,ns,ns
B_destruct,weak,ns,ns
B_destruct,weak,ns,ns
B_destruct,weak,ns,ns
B_destruct,weak,ns,ns
B_destruct,weak,ns,ns
B_destruct,weak,ns,ns
B_destruct,weak,ns,ns
B_destruct,weak,ns,ns
B_destruct,weak,ns,ns
B_destruct,weak,ns,ns
B_destruct,weak,ns,ns
B_destruct,weak,ns,ns
B_destruct,weak,ns,ns
B_destruct,weak,ns,ns
B_destruct,weak,ns,ns
B_destruct,weak,ns,ns
B_destruct,weak,ns,ns
B_destruct,weak,ns,ns
B_destruct,weak,ns,ns
B_destruct,weak,ns,ns
B_destruct,weak,ns,ns
B_destruct,weak,ns,ns
B_destruct,weak,ns,ns
B_destruct,weak,ns,ns
B_destruct,weak,ns,ns
B_destruct,weak,ns,ns
B_destruct,weak,ns,ns
B_destruct,weak,ns,ns
B_destruct,weak,ns,ns
B_destruct,weak,ns,ns
B_destruct,weak,ns,ns
B_destruct,weak,ns,ns
B_destruct,weak,ns,ns
B_destruct,weak,ns,ns
B_destruct,weak,ns,ns
B_destruct,weak,ns,ns
B_destruct,weak,ns,ns
B_destruct,weak,ns,ns
B_destruct,weak,ns,ns
C_subscribe,weak,ns,ns
C_subscribe,weak,ns,ns
C_subscribe,weak,ns,ns
C_subscribe,weak,ns,ns
C_subscribe,weak,ns,ns
C_subscribe,weak,ns,ns
C_subscribe,weak,ns,ns
C_subscribe,weak,ns,ns
C_subscribe,weak,ns,ns
C_subscribe,weak,ns,ns
C_subscribe,weak,ns,ns
C_subscribe,weak,ns,ns
C_subscribe,weak,ns,ns
C_subscribe,weak,ns,ns
C_subscribe,weak,ns,ns
C_subscribe,weak,ns,ns
C_subscribe,weak,ns,ns
C_subscribe,weak,ns,ns
C_subscribe,weak,ns,ns
C_subscribe,weak,ns,ns
C_subscribe,weak,ns,ns
C_subscribe,weak,ns,ns
C_subscribe,weak,ns,ns
C_subscribe,weak,ns,ns
C_subscribe,weak,ns,ns
C_subscribe,weak,ns,ns
C_subscribe,weak,ns,ns
C_subscribe,weak,ns,ns
C_subscribe,weak,ns,ns
C_subscribe,weak,ns,ns
C_subscribe,weak,ns,ns
C_subscribe,weak,ns,ns
C_subscribe,weak,ns,ns
C_subscribe,weak,ns,ns
C_subscribe,weak,ns,ns
C_subscribe,weak,ns,ns
C_subscribe,weak,ns,ns
C_subscribe,weak,ns,ns
C_subscribe,weak,ns,ns
C_subscribe,weak,ns,ns
C_subscribe,weak,ns,ns
C_subscribe,weak,ns,ns
C_subscribe,weak,ns,ns
C_subscribe,weak,ns,ns
C_subscribe,weak,ns,ns
C_subscribe,weak,ns,ns
C_subscribe,weak,ns,ns
C_subscribe,weak,ns,ns
C_subscribe,weak,ns,ns
C_subscribe,weak,ns,ns
D_unsubscribe,weak,ns,ns
D_unsubscribe,weak,ns,ns
D_unsubscribe,weak,ns,ns
D_unsubscribe,weak,ns,ns
D_unsubscribe,weak,ns,ns
D_unsubscribe,weak,ns,ns
D_unsubscribe,weak,ns,ns
D_unsubscribe,weak,ns,ns
D_unsubscribe,weak,ns,ns
D_unsubscribe,weak,ns,ns
D_unsubscribe,weak,ns,ns
D_unsubscribe,weak,ns,ns
D_unsubscribe,weak,ns,ns
D_unsubscribe,weak,ns,ns
D_unsubscribe,weak,ns,ns
D_unsubscribe,weak,ns,ns
D_unsubscribe,weak,ns,ns
D_unsubscribe,weak,ns,ns
D_unsubscribe,weak,ns,ns
D_unsubscribe,weak,ns,ns
D_unsubscribe,weak,ns,ns
D_unsubscribe,weak,ns,ns
D_unsubscribe,weak,ns,ns
D_unsubscribe,weak,ns,ns
D_unsubscribe,weak,ns,ns
D_unsubscribe,weak,ns,ns
D_unsubscribe,weak,ns,ns
D_unsubscribe,weak,ns,ns
D_unsubscribe,weak,ns,ns
D_unsubscribe,weak,ns,ns
D_unsubscribe,weak,ns,ns
D_unsubscribe,weak,ns,ns
D_unsubscribe,weak,ns,ns
D_unsubscribe,weak,ns,ns
D_unsubscribe,weak,ns,ns
D_unsubscribe,weak,ns,ns
D_unsubscribe,weak,ns,ns
D_unsubscribe,weak,ns,ns
D_unsubscribe,weak,ns,ns
D_unsubscribe,weak,ns,ns
D_unsubscribe,weak,ns,ns
D_unsubscribe,weak,ns,ns
D_unsubscribe,weak,ns,ns
D_unsubscribe,weak,ns,ns
D_unsubscribe,weak,ns,ns
D_unsubscribe,weak,ns,ns
D_unsubscribe,weak,ns,ns
D_unsubscribe,weak,ns,ns
D_unsubscribe,weak,ns,ns
D_unsubscribe,weak,ns,ns
E_update,weak,ns,ns
E_update,weak,ns,ns
E_update,weak,ns,ns
E_update,weak,ns,ns
E_update,weak,ns,ns
E_update,weak,ns,ns
E_update,weak,ns,ns
E_update,weak,ns,ns
E_update,weak,ns,ns
E_update,weak,ns,ns
E_update,weak,ns,ns
E_update,weak,ns,ns
E_update,weak,ns,ns
E_update,weak,ns,ns
E_update,weak,ns,ns
E_update,weak,ns,ns
E_update,weak,ns,ns
E_update,weak,ns,ns
E_update,weak,ns,ns
E_update,weak,ns,ns
E_update,weak,ns,ns
E_update,weak,ns,ns
E_update,weak,ns,ns
E_update,weak,ns,ns
E_update,weak,ns,ns
E_update,weak,ns,ns
E_update,weak,ns,ns
E_update,weak,ns,ns
E_update,weak,ns,ns
E_update,weak,ns,ns
E_update,weak,ns,ns
E_update,weak,ns,ns
E_update,weak,ns,ns
E_update,weak,ns,ns
E_update,weak,ns,ns
E_update,weak,ns,ns
E_update,weak,ns,ns
E_update,weak,ns,ns
E_update,weak,ns,ns
E_update,weak,ns,ns
E_update,weak,ns,ns
E_update,weak,ns,ns
E_update,weak,ns,ns
E_update,weak,ns,ns
E_update,weak,ns,ns
E_update,weak,ns,ns
E_update,weak,ns,ns
E_update,weak,ns,ns
E_update,weak,ns,ns
E_update,weak,ns,ns
A_create,legacy,ns,ns
A_create,legacy,ns,ns
A_create,legacy,ns,ns
A_create,legacy,ns,ns
A_create,legacy,ns,ns
A_create,legacy,ns,ns
A_create,legacy,ns,ns
A_create,legacy,ns,ns
A_create,legacy,ns,ns
A_create,legacy,ns,ns
A_create,legacy,ns,ns
A_create,legacy,ns,ns
A_create,legacy,ns,ns
A_create,legacy,ns,ns
A_create,legacy,ns,ns
A_create,legacy,ns,ns
A_create,legacy,ns,ns
A_create,legacy,ns,ns
A_create,legacy,ns,ns
A_create,legacy,ns,ns
A_create,legacy,ns,ns
A_create,legacy,ns,ns
A_create,legacy,ns,ns
A_create,legacy,ns,ns
A_create,legacy,ns,ns
A_create,legacy,ns,ns
A_create,legacy,ns,ns
A_create,legacy,ns,ns
A_create,legacy,ns,ns
A_create,legacy,ns,ns
A_create,legacy,ns,ns
A_create,legacy,ns,ns
A_create,legacy,ns,ns
A_create,legacy,ns,ns
A_create,legacy,ns,ns
A_create,legacy,ns,ns
A_create,legacy,ns,ns
A_create,legacy,ns,ns
A_create,legacy,ns,ns
A_create,legacy,ns,ns
A_create,legacy,ns,ns
A_create,legacy,ns,ns
A_create,legacy,ns,ns
A_create,legacy,ns,ns
A_create,legacy,ns,ns
A_create,legacy,ns,ns
A_create,legacy,ns,ns
A_create,legacy,ns,ns
A_create,legacy,ns,ns
A_create,legacy,ns,ns
B_destruct,legacy,ns,ns
B_destruct,legacy,ns,ns
B_destruct,legacy,ns,ns
B_destruct,legacy,ns,ns
B_destruct,legacy,ns,ns
B_destruct,legacy,ns,ns
B_destruct,legacy,ns,ns
B_destruct,legacy,ns,ns
B_destruct,legacy,ns,ns
B_destruct,legacy,ns,ns
B_destruct,legacy,ns,ns
B_destruct,legacy,ns,ns
B_destruct,legacy,ns,ns
B_destruct,legacy,ns,ns
B_destruct,legacy,ns,ns
B_destruct,legacy,ns,ns
B_destruct,legacy,ns,ns
B_destruct,legacy,ns,ns
B_destruct,legacy,ns,ns
B_destruct,legacy,ns,ns
B_destruct,legacy,ns,ns
B_destruct,legacy,ns,ns
B_destruct,legacy,ns,ns
B_destruct,legacy,ns,ns
B_destruct,legacy,ns,ns
B_destruct,legacy,ns,ns
B_destruct,legacy,ns,ns
B_destruct,legacy,ns,ns
B_destruct,legacy,ns,ns
B_destruct,legacy,ns,ns
B_destruct,legacy,ns,ns
B_destruct,legacy,ns,ns
B_destruct,legacy,ns,ns
B_destruct,legacy,ns,ns
B_destruct,legacy,ns,ns
B_destruct,legacy,ns,ns
B_destruct,legacy,ns,ns
B_destruct,legacy,ns,ns
B_destruct,legacy,ns,ns
B_destruct,legacy,ns,ns
B_destruct,legacy,ns,ns
B_destruct,legacy,ns,ns
B_destruct,legacy,ns,ns
B_destruct,legacy,ns,ns
B_destruct,legacy,ns,ns
B_destruct,legacy,ns,ns
B_destruct,legacy,ns,ns
B_destruct,legacy,ns,ns
B_destruct,legacy,ns,ns
B_destruct,legacy,ns,ns
C_subscribe,legacy,ns,ns
C_subscribe,legacy,ns,ns
C_subscribe,legacy,ns,ns
C_subscribe,legacy,ns,ns
C_subscribe,legacy,ns,ns
C_subscribe,legacy,ns,ns
C_subscribe,legacy,ns,ns
C_subscribe,legacy,ns,ns
C_subscribe,legacy,ns,ns
C_subscribe,legacy,ns,ns
C_subscribe,legacy,ns,ns
C_subscribe,legacy,ns,ns
C_subscribe,legacy,ns,ns
C_subscribe,legacy,ns,ns
C_subscribe,legacy,ns,ns
C_subscribe,legacy,ns,ns
C_subscribe,legacy,ns,ns
C_subscribe,legacy,ns,ns
C_subscribe,legacy,ns,ns
C_subscribe,legacy,ns,ns
C_subscribe,legacy,ns,ns
C_subscribe,legacy,ns,ns
C_subscribe,legacy,ns,ns
C_subscribe,legacy,ns,ns
C_subscribe,legacy,ns,ns
C_subscribe,legacy,ns,ns
C_subscribe,legacy,ns,ns
C_subscribe,legacy,ns,ns
C_subscribe,legacy,ns,ns
C_subscribe,legacy,ns,ns
C_subscribe,legacy,ns,ns
C_subscribe,legacy,ns,ns
C_subscribe,legacy,ns,ns
C_subscribe,legacy,ns,ns
C_subscribe,legacy,ns,ns
C_subscribe,legacy,ns,ns
C_subscribe,legacy,ns,ns
C_subscribe,legacy,ns,ns
C_subscribe,legacy,ns,ns
C_subscribe,legacy,ns,ns
C_subscribe,legacy,ns,ns
C_subscribe,legacy,ns,ns
C_subscribe,legacy,ns,ns
C_subscribe,legacy,ns,ns
C_subscribe,legacy,ns,ns
C_subscribe,legacy,ns,ns
C_subscribe,legacy,ns,ns
C_subscribe,legacy,ns,ns
C_subscribe,legacy,ns,ns
C_subscribe,legacy,ns,ns
D_unsubscribe,legacy,ns,ns
D_unsubscribe,legacy,ns,ns
D_unsubscribe,legacy,ns,ns
D_unsubscribe,legacy,ns,ns
D_unsubscribe,legacy,ns,ns
D_unsubscribe,legacy,ns,ns
D_unsubscribe,legacy,ns,ns
D_unsubscribe,legacy,ns,ns
D_unsubscribe,legacy,ns,ns
D_unsubscribe,legacy,ns,ns
D_unsubscribe,legacy,ns,ns
D_unsubscribe,legacy,ns,ns
D_unsubscribe,legacy,ns,ns
D_unsubscribe,legacy,ns,ns
D_unsubscribe,legacy,ns,ns
D_unsubscribe,legacy,ns,ns
D_unsubscribe,legacy,ns,ns
D_unsubscribe,legacy,ns,ns
D_unsubscribe,legacy,ns,ns
D_unsubscribe,legacy,ns,ns
D_unsubscribe,legacy,ns,ns
D_unsubscribe,legacy,ns,ns
D_unsubscribe,legacy,ns,ns
D_unsubscribe,legacy,ns,ns
D_unsubscribe,legacy,ns,ns
D_unsubscribe,legacy,ns,ns
D_unsubscribe,legacy,ns,ns
D_unsubscribe,legacy,ns,ns
D_unsubscribe,legacy,ns,ns
D_unsubscribe,legacy,ns,ns
D_unsubscribe,legacy,ns,ns
D_unsubscribe,legacy,ns,ns
D_unsubscribe,legacy,ns,ns
D_unsubscribe,legacy,ns,ns
D_unsubscribe,legacy,ns,ns
D_unsubscribe,legacy,ns,ns
D_unsubscribe,legacy,ns,ns
D_unsubscribe,legacy,ns,ns
D_unsubscribe,legacy,ns,ns
D_unsubscribe,legacy,ns,ns
D_unsubscribe,legacy,ns,ns
D_unsubscribe,legacy,ns,ns
D_unsubscribe,legacy,ns,ns
D_unsubscribe,legacy,ns,ns
D_unsubscribe,legacy,ns,ns
D_unsubscribe,legacy,ns,ns
D_unsubscribe,legacy,ns,ns
D_unsubscribe,legacy,ns,ns
D_unsubscribe,legacy,ns,ns
D_unsubscribe,legacy,ns,ns
E_update,legacy,ns,ns
E_update,legacy,ns,ns
E_update,legacy,ns,ns
E_update,legacy,ns,ns
E_update,legacy,ns,ns
E_update,legacy,ns,ns
E_update,legacy,ns,ns
E_update,legacy,ns,ns
E_update,legacy,ns,ns
E_update,legacy,ns,ns
E_update,legacy,ns,ns
E_update,legacy,ns,ns
E_update,legacy,ns,ns
E_update,legacy,ns,ns
E_update,legacy,ns,ns
E_update,legacy,ns,ns
E_update,legacy,ns,ns
E_update,legacy,ns,ns
E_update,legacy,ns,ns
E_update,legacy,ns,ns
E_update,legacy,ns,ns
E_update,legacy,ns,ns
E_update,legacy,ns,ns
E_update,legacy,ns,ns
E_update,legacy,ns,ns
E_update,legacy,ns,ns
E_update,legacy,ns,ns
E_update,legacy,ns,ns
E_update,legacy,ns,ns
E_update,legacy,ns,ns
E_update,legacy,ns,ns
E_update,legacy,ns,ns
E_update,legacy,ns,ns
E_update,legacy,ns,ns
E_update,legacy,ns,ns
E_update,legacy,ns,ns
E_update,legacy,ns,ns
E_update,legacy,ns,ns
E_update,legacy,ns,ns
E_update,legacy,ns,ns
E_update,legacy,ns,ns
E_update,legacy,ns,ns
E_update,legacy,ns,ns
E_update,legacy,ns,ns
E_update,legacy,ns,ns
E_update,legacy,ns,ns
E_update,legacy,ns,ns
E_update,legacy,ns,ns
E_update,legacy,ns,ns
E_update,legacy,ns,ns
A_create,subscription,ns,ns
A_create,subscription,ns,ns
A_create,subscription,ns,ns
A_create,subscription,ns,ns
A_create,subscription,ns,ns
A_create,subscription,ns,ns
A_create,subscription,ns,ns
A_create,subscription,ns,ns
A_create,subscription,ns,ns
A_create,subscription,ns,ns
A_create,subscription,ns,ns
A_create,subscription,ns,ns
A_create,subscription,ns,ns
A_create,subscription,ns,ns
A_create,subscription,ns,ns
A_create,subscription,ns,ns
A_create,subscription,ns,ns
A_create,subscription,ns,ns
A_create,subscription,ns,ns
A_create,subscription,ns,ns
A_create,subscription,ns,ns
A_create,subscription,ns,ns
A_create,subscription,ns,ns
A_create,subscription,ns,ns
A_create,subscription,ns,ns
A_create,subscription,ns,ns
A_create,subscription,ns,ns
A_create,subscription,ns,ns
A_create,subscription,ns,ns
A_create,subscription,ns,ns
A_create,subscription,ns,ns
A_create,subscription,ns,ns
A_create,subscription,ns,ns
A_create,subscription,ns,ns
A_create,subscription,ns,ns
A_create,subscription,ns,ns
A_create,subscription,ns,ns
A_create,subscription,ns,ns
A_create,subscription,ns,ns
A_create,subscription,ns,ns
A_create,subscription,ns,ns
A_create,subscription,ns,ns
A_create,subscription,ns,ns
A_create,subscription,ns,ns
A_create,subscription,ns,ns
A_create,subscription,ns,ns
A_create,subscription,ns,ns
A_create,subscription,ns,ns
A_create,subscription,ns,ns
A_create,subscription,ns,ns
B_destruct,subscription,ns,ns
B_destruct,subscription,ns,ns
B_destruct,subscription,ns,ns
B_destruct,subscription,ns,ns
B_destruct,subscription,ns,ns
B_destruct,subscription,ns,ns
B_destruct,subscription,ns,ns
B_destruct,subscription,ns,ns
B_destruct,subscription,ns,ns
B_destruct,subscription,ns,ns
B_destruct,subscription,ns,ns
B_destruct,subscription,ns,ns
B_destruct,subscription,ns,ns
B_destruct,subscription,ns,ns
B_destruct,subscription,ns,ns
B_destruct,subscription,ns,ns
B_destruct,subscription,ns,ns
B_destruct,subscription,ns,ns
B_destruct,subscription,ns,ns
B_destruct,subscription,ns,ns
B_destruct,subscription,ns,ns
B_destruct,subscription,ns,ns
B_destruct,subscription,ns,ns
B_destruct,subscription,ns,ns
B_destruct,subscription,ns,ns
B_destruct,subscription,ns,ns
B_destruct,subscription,ns,ns
B_destruct,subscription,ns,ns
B_destruct,subscription,ns,ns
B_destruct,subscription,ns,ns
B_destruct,subscription,ns,ns
B_destruct,subscription,ns,ns
B_destruct,subscription,ns,ns
B_destruct,subscription,ns,ns
B_destruct,subscription,ns,ns
B_destruct,subscription,ns,ns
B_destruct,subscription,ns,ns
B_destruct,subscription,ns,ns
B_destruct,subscription,ns,ns
B_destruct,subscription,ns,ns
B_destruct,subscription,ns,ns
B_destruct,subscription,ns,ns
B_destruct,subscription,ns,ns
B_destruct,subscription,ns,ns
B_destruct,subscription,ns,ns
B_destruct,subscription,ns,ns
B_destruct,subscription,ns,ns
B_destruct,subscription,ns,ns
B_destruct,subscription,ns,ns
B_destruct,subscription,ns,ns
C_subscribe,subscription,ns,ns
C_subscribe,subscription,ns,ns
C_subscribe,subscription,ns,ns
C_subscribe,subscription,ns,ns
C_subscribe,subscription,ns,ns
C_subscribe,subscription,ns,ns
C_subscribe,subscription,ns,ns
C_subscribe,subscription,ns,ns
C_subscribe,subscription,ns,ns
C_subscribe,subscription,ns,ns
C_subscribe,subscription,ns,ns
C_subscribe,subscription,ns,ns
C_subscribe,subscription,ns,ns
C_subscribe,subscription,ns,ns
C_subscribe,subscription,ns,ns
C_subscribe,subscription,ns,ns
C_subscribe,subscription,ns,ns
C_subscribe,subscription,ns,ns
C_subscribe,subscription,ns,ns
C_subscribe,subscription,ns,ns
C_subscribe,subscription,ns,ns
C_subscribe,subscription,ns,ns
C_subscribe,subscription,ns,ns
C_subscribe,subscription,ns,ns
C_subscribe,subscription,ns,ns
C_subscribe,subscription,ns,ns
C_subscribe,subscription,ns,ns
C_subscribe,subscription,ns,ns
C_subscribe,subscription,ns,ns
C_subscribe,subscription,ns,ns
C_subscribe,subscription,ns,ns
C_subscribe,subscription,ns,ns
C_subscribe,subscription,ns,ns
C_subscribe,subscription,ns,ns
C_subscribe,subscription,ns,ns
C_subscribe,subscription,ns,ns
C_subscribe,subscription,ns,ns
C_subscribe,subscription,ns,ns
C_subscribe,subscription,ns,ns
C_subscribe,subscription,ns,ns
C_subscribe,subscription,ns,ns
C_subscribe,subscription,ns,ns
C_subscribe,subscription,ns,ns
C_subscribe,subscription,ns,ns
C_subscribe,subscription,ns,ns
C_subscribe,subscription,ns,ns
C_subscribe,subscription,ns,ns
C_subscribe,subscription,ns,ns
C_subscribe,subscription,ns,ns
C_subscribe,subscription,ns,ns
D_unsubscribe,subscription,ns,ns
D_unsubscribe,subscription,ns,ns
D_unsubscribe,subscription,ns,ns
D_unsubscribe,subscription,ns,ns
D_unsubscribe,subscription,ns,ns
D_unsubscribe,subscription,ns,ns
D_unsubscribe,subscription,ns,ns
D_unsubscribe,subscription,ns,ns
D_unsubscribe,subscription,ns,ns
D_unsubscribe,subscription,ns,ns
D_unsubscribe,subscription,ns,ns
D_unsubscribe,subscription,ns,ns
D_unsubscribe,subscription,ns,ns
D_unsubscribe,subscription,ns,ns
D_unsubscribe,subscription,ns,ns
D_unsubscribe,subscription,ns,ns
D_unsubscribe,subscription,ns,ns
D_unsubscribe,subscription,ns,ns
D_unsubscribe,subscription,ns,ns
D_unsubscribe,subscription,ns,ns
D_unsubscribe,subscription,ns,ns
D_unsubscribe,subscription,ns,ns
D_unsubscribe,subscription,ns,ns
D_unsubscribe,subscription,ns,ns
D_unsubscribe,subscription,ns,ns
D_unsubscribe,subscription,ns,ns
D_unsubscribe,subscription,ns,ns
D_unsubscribe,subscription,ns,ns
D_unsubscribe,subscription,ns,ns
D_unsubscribe,subscription,ns,ns
D_unsubscribe,subscription,ns,ns
D_unsubscribe,subscription,ns,ns
D_unsubscribe,subscription,ns,ns
D_unsubscribe,subscription,ns,ns
D_unsubscribe,subscription,ns,ns
D_unsubscribe,subscription,ns,ns
D_unsubscribe,subscription,ns,ns
D_unsubscribe,subscription,ns,ns
D_unsubscribe,subscription,ns,ns
D_unsubscribe,subscription,ns,ns
D_unsubscribe,subscription,ns,ns
D_unsubscribe,subscription,ns,ns
D_unsubscribe,subscription,ns,ns
D_unsubscribe,subscription,ns,ns
D_unsubscribe,subscription,ns,ns
D_unsubscribe,subscription,ns,ns
D_unsubscribe,subscription,ns,ns
D_unsubscribe,subscription,ns,ns
D_unsubscribe,subscription,ns,ns
D_unsubscribe,subscription,ns,ns
E_update,subscription,ns,ns
E_update,subscription,ns,ns
E_update,subscription,ns,ns
E_update,subscription,ns,ns
E_update,subscription,ns,ns
E_update,subscription,ns,ns
E_update,subscription,ns,ns
E_update,subscription,ns,ns
E_update,subscription,ns,ns
E_update,subscription,ns,ns
E_update,subscription,ns,ns
E_update,subscription,ns,ns
E_update,subscription,ns,ns
E_update,subscription,ns,ns
E_update,subscription,ns,ns
E_update,subscription,ns,ns
E_update,subscription,ns,ns
E_update,subscription,ns,ns
E_update,subscription,ns,ns
E_update,subscription,ns,ns
E_update,subscription,ns,ns
E_update,subscription,ns,ns
E_update,subscription,ns,ns
E_update,subscription,ns,ns
E_update,subscription,ns,ns
E_update,subscription,ns,ns
E_update,subscription,ns,ns
E_update,subscription,ns,ns
E_update,subscription,ns,ns
E_update,subscription,ns,ns
E_update,subscription,ns,ns
E_update,subscription,ns,ns
E_update,subscription,ns,ns
E_update,subscription,ns,ns
E_update,subscription,ns,ns
E_update,subscription,ns,ns
E_update,subscription,ns,ns
E_update,subscription,ns,ns
E_update,subscription,ns,ns
E_update,subscription,ns,ns
E_update,subscription,ns,ns
E_update,subscription,ns,ns
E_update,subscription,ns,ns
E_update,subscription,ns,ns
E_update,subscription,ns,ns
E_update,subscription,ns,ns
E_update,subscription,ns,ns
E_update,subscription,ns,ns
E_update,subscription,ns,ns
E_update,subscription,ns,ns
A_create,weak,ns,ns
A_create,weak,ns,ns
A_create,weak,ns,ns
A_create,weak,ns,ns
A_create,weak,ns,ns
A_create,weak,ns,ns
A_create,weak,ns,ns
A_create,weak,ns,ns
A_create,weak,ns,ns
A_create,weak,ns,ns
A_create,weak,ns,ns
A_create,weak,ns,ns
A_create,weak,ns,ns
A_create,weak,ns,ns
A_create,weak,ns,ns
A_create,weak,ns,ns
A_create,weak,ns,ns
A_create,weak,ns,ns
A_create,weak,ns,ns
A_create,weak,ns,ns
A_create,weak,ns,ns
A_create,weak,ns,ns
A_create,weak,ns,ns
A_create,weak,ns,ns
A_create,weak,ns,ns
A_create,weak,ns,ns
A_create,weak,ns,ns
A_create,weak,ns,ns
A_create,weak,ns,ns
A_create,weak,ns,ns
A_create,weak,ns,ns
A_create,weak,ns,ns
A_create,weak,ns,ns
A_create,weak,ns,ns
A_create,weak,ns,ns
A_create,weak,ns,ns
A_create,weak,ns,ns
A_create,weak,ns,ns
A_create,weak,ns,ns
A_create,weak,ns,ns
A_create,weak,ns,ns
A_create,weak,ns,ns
A_create,weak,ns,ns
A_create,weak,ns,ns
A_create,weak,ns,ns
A_create,weak,ns,ns
A_create,weak,ns,ns
A_create,weak,ns,ns
A_create,weak,ns,ns
A_create,weak,ns,ns
B_destruct,weak,ns,ns
B_destruct,weak,ns,ns
B_destruct,weak,ns,ns
B_destruct,weak,ns,ns
B_destruct,weak,ns,ns
B_destruct,weak,ns,ns
B_destruct,weak,ns,ns
B_destruct,weak,ns,ns
B_destruct,weak,ns,ns
B_destruct,weak,ns,ns
B_destruct,weak,ns,ns
B_destruct,weak,ns,ns
B_destruct,weak,ns,ns
B_destruct,weak,ns,ns
B_destruct,weak,ns,ns
B_destruct,weak,ns,ns
B_destruct,weak,ns,ns
B_destruct,weak,ns,ns
B_destruct,weak,ns,ns
B_destruct,weak,ns,ns
B_destruct,weak,ns,ns
B_destruct,weak,ns,ns
B_destruct,weak,ns,ns
B_destruct,weak,ns,ns
B_destruct,weak,ns,ns
B_destruct,weak,ns,ns
B_destruct,weak,ns,ns
B_destruct,weak,ns,ns
B_destruct,weak,ns,ns
B_destruct,weak,ns,ns
B_destruct,weak,ns,ns
B_destruct,weak,ns,ns
B_destruct,weak,ns,ns
B_destruct,weak,ns,ns
B_destruct,weak,ns,ns
B_destruct,weak,ns,ns
B_destruct,weak,ns,ns
B_destruct,weak,ns,ns
B_destruct,weak,ns,ns
B_destruct,weak,ns,ns
B_destruct,weak,ns,ns
B_destruct,weak,ns,ns
B_destruct,weak,ns,ns
B_destruct,weak,ns,ns
B_destruct,weak,ns,ns
B_destruct,weak,ns,ns
B_destruct,weak,ns,ns
B_destruct,weak,ns,ns
B_destruct,weak,ns,ns
B_destruct,weak,ns,ns
C_subscribe,weak,ns,ns
C_subscribe,weak,ns,ns
C_subscribe,weak,ns,ns
C_subscribe,weak,ns,ns
C_subscribe,weak,ns,ns
C_subscribe,weak,ns,ns
C_subscribe,weak,ns,ns
C_subscribe,weak,ns,ns
C_subscribe,weak,ns,ns
C_subscribe,weak,ns,ns
C_subscribe,weak,ns,ns
C_subscribe,weak,ns,ns
C_subscribe,weak,ns,ns
C_subscribe,weak,ns,ns
C_subscribe,weak,ns,ns
C_subscribe,weak,ns,ns
C_subscribe,weak,ns,ns
C_subscribe,weak,ns,ns
C_subscribe,weak,ns,ns
C_subscribe,weak,ns,ns
C_subscribe,weak,ns,ns
C_subscribe,weak,ns,ns
C_subscribe,weak,ns,ns
C_subscribe,weak,ns,ns
C_subscribe,weak,ns,ns
C_subscribe,weak,ns,ns
C_subscribe,weak,ns,ns
C_subscribe,weak,ns,ns
C_subscribe,weak,ns,ns
C_subscribe,weak,ns,ns
C_subscribe,weak,ns,ns
C_subscribe,weak,ns,ns
C_subscribe,weak,ns,ns
C_subscribe,weak,ns,ns
C_subscribe,weak,ns,ns
C_subscribe,weak,ns,ns
C_subscribe,weak,ns,ns
C_subscribe,weak,ns,ns
C_subscribe,weak,ns,ns
C_subscribe,weak,ns,ns
C_subscribe,weak,ns,ns
C_subscribe,weak,ns,ns
C_subscribe,weak,ns,ns
C_subscribe,weak,ns,ns
C_subscribe,weak,ns,ns
C_subscribe,weak,ns,ns
C_subscribe,weak,ns,ns
C_subscribe,weak,ns,ns
C_subscribe,weak,ns,ns
C_subscribe,weak,ns,ns
D_unsubscribe,weak,ns,ns
D_unsubscribe,weak,ns,ns
D_unsubscribe,weak,ns,ns
D_unsubscribe,weak,ns,ns
D_unsubscribe,weak,ns,ns
D_unsubscribe,weak,ns,ns
D_unsubscribe,weak,ns,ns
D_unsubscribe,weak,ns,ns
D_unsubscribe,weak,ns,ns
D_unsubscribe,weak,ns,ns
D_unsubscribe,weak,ns,ns
D_unsubscribe,weak,ns,ns
D_unsubscribe,weak,ns,ns
D_unsubscribe,weak,ns,ns
D_unsubscribe,weak,ns,ns
D_unsubscribe,weak,ns,ns
D_unsubscribe,weak,ns,ns
D_unsubscribe,weak,ns,ns
D_unsubscribe,weak,ns,ns
D_unsubscribe,weak,ns,ns
D_unsubscribe,weak,ns,ns
D_unsubscribe,weak,ns,ns
D_unsubscribe,weak,ns,ns
D_unsubscribe,weak,ns,ns
D_unsubscribe,weak,ns,ns
D_unsubscribe,weak,ns,ns
D_unsubscribe,weak,ns,ns
D_unsubscribe,weak,ns,ns
D_unsubscribe,weak,ns,ns
D_unsubscribe,weak,ns,ns
D_unsubscribe,weak,ns,ns
D_unsubscribe,weak,ns,ns
D_unsubscribe,weak,ns,ns
D_unsubscribe,weak,ns,ns
D_unsubscribe,weak,ns,ns
D_unsubscribe,weak,ns,ns
D_unsubscribe,weak,ns,ns
D_unsubscribe,weak,ns,ns
D_unsubscribe,weak,ns,ns
D_unsubscribe,weak,ns,ns
D_unsubscribe,weak,ns,ns
D_unsubscribe,weak,ns,ns
D_unsubscribe,weak,ns,ns
D_unsubscribe,weak,ns,ns
D_unsubscribe,weak,ns,ns
D_unsubscribe,weak,ns,ns
D_unsubscribe,weak,ns,ns
D_unsubscribe,weak,ns,ns
D_unsubscribe,weak,ns,ns
D_unsubscribe,weak,ns,ns
E_update,weak,ns,ns
E_update,weak,ns,ns
E_update,weak,ns,ns
E_update,weak,ns,ns
E_update,weak,ns,ns
E_update,weak,ns,ns
E_update,weak,ns,ns
E_update,weak,ns,ns
E_update,weak,ns,ns
E_update,weak,ns,ns
E_update,weak,ns,ns
E_update,weak,ns,ns
E_update,weak,ns,ns
E_update,weak,ns,ns
E_update,weak,ns,ns
E_update,weak,ns,ns
E_update,weak,ns,ns
E_update,weak,ns,ns
E_update,weak,ns,ns
E_update,weak,ns,ns
E_update,weak,ns,ns
E_update,weak,ns,ns
E_update,weak,ns,ns
E_update,weak,ns,ns
E_update,weak,ns,ns
E_update,weak,ns,ns
E_update,weak,ns,ns
E_update,weak,ns,ns
E_update,weak,ns,ns
E_update,weak,ns,ns
E_update,weak,ns,ns
E_update,weak,ns,ns
E_update,weak,ns,ns
E_update,weak,ns,ns
E_update,weak,ns,ns
E_update,weak,ns,ns
E_update,weak,ns,ns
E_update,weak,ns,ns
E_update,weak,ns,ns
E_update,weak,ns,ns
E_update,weak,ns,ns
E_update,weak,ns,ns
E_update,weak,ns,ns
E_update,weak,ns,ns
E_update,weak,ns,ns
E_update,weak,ns,ns
E_update,weak,ns,ns
E_update,weak,ns,ns
E_update,weak,ns,ns
E_update,weak,ns,ns
A_create,legacy,ns,ns
A_create,legacy,ns,ns
A_create,legacy,ns,ns
A_create,legacy,ns,ns
A_create,legacy,ns,ns
A_create,legacy,ns,ns
A_create,legacy,ns,ns
A_create,legacy,ns,ns
A_create,legacy,ns,ns
A_create,legacy,ns,ns
A_create,legacy,ns,ns
A_create,legacy,ns,ns
A_create,legacy,ns,ns
A_create,legacy,ns,ns
A_create,legacy,ns,ns
A_create,legacy,ns,ns
A_create,legacy,ns,ns
A_create,legacy,ns,ns
A_create,legacy,ns,ns
A_create,legacy,ns,ns
A_create,legacy,ns,ns
A_create,legacy,ns,ns
A_create,legacy,ns,ns
A_create,legacy,ns,ns
A_create,legacy,ns,ns
A_create,legacy,ns,ns
A_create,legacy,ns,ns
A_create,legacy,ns,ns
A_create,legacy,ns,ns
A_create,legacy,ns,ns
A_create,legacy,ns,ns
A_create,legacy,ns,ns
A_create,legacy,ns,ns
A_create,legacy,ns,ns
A_create,legacy,ns,ns
A_create,legacy,ns,ns
A_create,legacy,ns,ns
A_create,legacy,ns,ns
A_create,legacy,ns,ns
A_create,legacy,ns,ns
A_create,legacy,ns,ns
A_create,legacy,ns,ns
A_create,legacy,ns,ns
A_create,legacy,ns,ns
A_create,legacy,ns,ns
A_create,legacy,ns,ns
A_create,legacy,ns,ns
A_create,legacy,ns,ns
A_create,legacy,ns,ns
A_create,legacy,ns,ns
B_destruct,legacy,ns,ns
B_destruct,legacy,ns,ns
B_destruct,legacy,ns,ns
B_destruct,legacy,ns,ns
B_destruct,legacy,ns,ns
B_destruct,legacy,ns,ns
B_destruct,legacy,ns,ns
B_destruct,legacy,ns,ns
B_destruct,legacy,ns,ns
B_destruct,legacy,ns,ns
B_destruct,legacy,ns,ns
B_destruct,legacy,ns,ns
B_destruct,legacy,ns,ns
B_destruct,legacy,ns,ns
B_destruct,legacy,ns,ns
B_destruct,legacy,ns,ns
B_destruct,legacy,ns,ns
B_destruct,legacy,ns,ns
B_destruct,legacy,ns,ns
B_destruct,legacy,ns,ns
B_destruct,legacy,ns,ns
B_destruct,legacy,ns,ns
B_destruct,legacy,ns,ns
B_destruct,legacy,ns,ns
B_destruct,legacy,ns,ns
B_destruct,legacy,ns,ns
B_destruct,legacy,ns,ns
B_destruct,legacy,ns,ns
B_destruct,legacy,ns,ns
B_destruct,legacy,ns,ns
B_destruct,legacy,ns,ns
B_destruct,legacy,ns,ns
B_destruct,legacy,ns,ns
B_destruct,legacy,ns,ns
B_destruct,legacy,ns,ns
B_destruct,legacy,ns,ns
B_destruct,legacy,ns,ns
B_destruct,legacy,ns,ns
B_destruct,legacy,ns,ns
B_destruct,legacy,ns,ns
B_destruct,legacy,ns,ns
B_destruct,legacy,ns,ns
B_destruct,legacy,ns,ns
B_destruct,legacy,ns,ns
B_destruct,legacy,ns,ns
B_destruct,legacy,ns,ns
B_destruct,legacy,ns,ns
B_destruct,legacy,ns,ns
B_destruct,legacy,ns,ns
B_destruct,legacy,ns,ns
C_subscribe,legacy,ns,ns
C_subscribe,legacy,ns,ns
C_subscribe,legacy,ns,ns
C_subscribe,legacy,ns,ns
C_subscribe,legacy,ns,ns
C_subscribe,legacy,ns,ns
C_subscribe,legacy,ns,ns
C_subscribe,legacy,ns,ns
C_subscribe,legacy,ns,ns
C_subscribe,legacy,ns,ns
C_subscribe,legacy,ns,ns
C_subscribe,legacy,ns,ns
C_subscribe,legacy,ns,ns
C_subscribe,legacy,ns,ns
C_subscribe,legacy,ns,ns
C_subscribe,legacy,ns,ns
C_subscribe,legacy,ns,ns
C_subscribe,legacy,ns,ns
C_subscribe,legacy,ns,ns
C_subscribe,legacy,ns,ns
C_subscribe,legacy,ns,ns
C_subscribe,legacy,ns,ns
C_subscribe,legacy,ns,ns
C_subscribe,legacy,ns,ns
C_subscribe,legacy,ns,ns
C_subscribe,legacy,ns,ns
C_subscribe,legacy,ns,ns
C_subscribe,legacy,ns,ns
C_subscribe,legacy,ns,ns
C_subscribe,legacy,ns,ns
C_subscribe,legacy,ns,ns
C_subscribe,legacy,ns,ns
C_subscribe,legacy,ns,ns
C_subscribe,legacy,ns,ns
C_subscribe,legacy,ns,ns
C_subscribe,legacy,ns,ns
C_subscribe,legacy,ns,ns
C_subscribe,legacy,ns,ns
C_subscribe,legacy,ns,ns
C_subscribe,legacy,ns,ns
C_subscribe,legacy,ns,ns
C_subscribe,legacy,ns,ns
C_subscribe,legacy,ns,ns
C_subscribe,legacy,ns,ns
C_subscribe,legacy,ns,ns
C_subscribe,legacy,ns,ns
C_subscribe,legacy,ns,ns
C_subscribe,legacy,ns,ns
C_subscribe,legacy,ns,ns
C_subscribe,legacy,ns,ns
D_unsubscribe,legacy,ns,ns
D_unsubscribe,legacy,ns,ns
D_unsubscribe,legacy,ns,ns
D_unsubscribe,legacy,ns,ns
D_unsubscribe,legacy,ns,ns
D_unsubscribe,legacy,ns,ns
D_unsubscribe,legacy,ns,ns
D_unsubscribe,legacy,ns,ns
D_unsubscribe,legacy,ns,ns
D_unsubscribe,legacy,ns,ns
D_unsubscribe,legacy,ns,ns
D_unsubscribe,legacy,ns,ns
D_unsubscribe,legacy,ns,ns
D_unsubscribe,legacy,ns,ns
D_unsubscribe,legacy,ns,ns
D_unsubscribe,legacy,ns,ns
D_unsubscribe,legacy,ns,ns
D_unsubscribe,legacy,ns,ns
D_unsubscribe,legacy,ns,ns
D_unsubscribe,legacy,ns,ns
D_unsubscribe,legacy,ns,ns
D_unsubscribe,legacy,ns,ns
D_unsubscribe,legacy,ns,ns
D_unsubscribe,legacy,ns,ns
D_unsubscribe,legacy,ns,ns
D_unsubscribe,legacy,ns,ns
D_unsubscribe,legacy,ns,ns
D_unsubscribe,legacy,ns,ns
D_unsubscribe,legacy,ns,ns
D_unsubscribe,legacy,ns,ns
D_unsubscribe,legacy,ns,ns
D_unsubscribe,legacy,ns,ns
D_unsubscribe,legacy,ns,ns
D_unsubscribe,legacy,ns,ns
D_unsubscribe,legacy,ns,ns
D_unsubscribe,legacy,ns,ns
D_unsubscribe,legacy,ns,ns
D_unsubscribe,legacy,ns,ns
D_unsubscribe,legacy,ns,ns
D_unsubscribe,legacy,ns,ns
D_unsubscribe,legacy,ns,ns
D_unsubscribe,legacy,ns,ns
D_unsubscribe,legacy,ns,ns
D_unsubscribe,legacy,ns,ns
D_unsubscribe,legacy,ns,ns
D_unsubscribe,legacy,ns,ns
D_unsubscribe,legacy,ns,ns
D_unsubscribe,legacy,ns,ns
D_unsubscribe,legacy,ns,ns
D_unsubscribe,legacy,ns,ns
E_update,legacy,ns,ns
E_update,legacy,ns,ns
E_update,legacy,ns,ns
E_update,legacy,ns,ns
E_update,legacy,ns,ns
E_update,legacy,ns,ns
E_update,legacy,ns,ns
E_update,legacy,ns,ns
E_update,legacy,ns,ns
E_update,legacy,ns,ns
E_update,legacy,ns,ns
E_update,legacy,ns,ns
E_update,legacy,ns,ns
E_update,legacy,ns,ns
E_update,legacy,ns,ns
E_update,legacy,ns,ns
E_update,legacy,ns,ns
E_update,legacy,ns,ns
E_update,legacy,ns,ns
E_update,legacy,ns,ns
E_update,legacy,ns,ns
E_update,legacy,ns,ns
E_update,legacy,ns,ns
E_update,legacy,ns,ns
E_update,legacy,ns,ns
E_update,legacy,ns,ns
E_update,legacy,ns,ns
E_update,legacy,ns,ns
E_update,legacy,ns,ns
E_update,legacy,ns,ns
E_update,legacy,ns,ns
E_update,legacy,ns,ns
E_update,legacy,ns,ns
E_update,legacy,ns,ns
E_update,legacy,ns,ns
E_update,legacy,ns,ns
E_update,legacy,ns,ns
E_update,legacy,ns,ns
E_update,legacy,ns,ns
E_update,legacy,ns,ns
E_update,legacy,ns,ns
E_update,legacy,ns,ns
E_update,legacy,ns,ns
E_update,legacy,ns,ns
E_update,legacy,ns,ns
E_update,legacy,ns,ns
E_update,legacy,ns,ns
E_update,legacy,ns,ns
E_update,legacy,ns,ns
E_update,legacy,ns,ns
A_create,subscription,ns,ns
A_create,subscription,ns,ns
A_create,subscription,ns,ns
A_create,subscription,ns,ns
A_create,subscription,ns,ns
A_create,subscription,ns,ns
A_create,subscription,ns,ns
A_create,subscription,ns,ns
A_create,subscription,ns,ns
A_create,subscription,ns,ns
A_create,subscription,ns,ns
A_create,subscription,ns,ns
A_create,subscription,ns,ns
A_create,subscription,ns,ns
A_create,subscription,ns,ns
A_create,subscription,ns,ns
A_create,subscription,ns,ns
A_create,subscription,ns,ns
A_create,subscription,ns,ns
A_create,subscription,ns,ns
A_create,subscription,ns,ns
A_create,subscription,ns,ns
A_create,subscription,ns,ns
A_create,subscription,ns,ns
A_create,subscription,ns,ns
A_create,subscription,ns,ns
A_create,subscription,ns,ns
A_create,subscription,ns,ns
A_create,subscription,ns,ns
A_create,subscription,ns,ns
A_create,subscription,ns,ns
A_create,subscription,ns,ns
A_create,subscription,ns,ns
A_create,subscription,ns,ns
A_create,subscription,ns,ns
A_create,subscription,ns,ns
A_create,subscription,ns,ns
A_create,subscription,ns,ns
A_create,subscription,ns,ns
A_create,subscription,ns,ns
A_create,subscription,ns,ns
A_create,subscription,ns,ns
A_create,subscription,ns,ns
A_create,subscription,ns,ns
A_create,subscription,ns,ns
A_create,subscription,ns,ns
A_create,subscription,ns,ns
A_create,subscription,ns,ns
A_create,subscription,ns,ns
A_create,subscription,ns,ns
B_destruct,subscription,ns,ns
B_destruct,subscription,ns,ns
B_destruct,subscription,ns,ns
B_destruct,subscription,ns,ns
B_destruct,subscription,ns,ns
B_destruct,subscription,ns,ns
B_destruct,subscription,ns,ns
B_destruct,subscription,ns,ns
B_destruct,subscription,ns,ns
B_destruct,subscription,ns,ns
B_destruct,subscription,ns,ns
B_destruct,subscription,ns,ns
B_destruct,subscription,ns,ns
B_destruct,subscription,ns,ns
B_destruct,subscription,ns,ns
B_destruct,subscription,ns,ns
B_destruct,subscription,ns,ns
B_destruct,subscription,ns,ns
B_destruct,subscription,ns,ns
B_destruct,subscription,ns,ns
B_destruct,subscription,ns,ns
B_destruct,subscription,ns,ns
B_destruct,subscription,ns,ns
B_destruct,subscription,ns,ns
B_destruct,subscription,ns,ns
B_destruct,subscription,ns,ns
B_destruct,subscription,ns,ns
B_destruct,subscription,ns,ns
B_destruct,subscription,ns,ns
B_destruct,subscription,ns,ns
B_destruct,subscription,ns,ns
B_destruct,subscription,ns,ns
B_destruct,subscription,ns,ns
B_destruct,subscription,ns,ns
B_destruct,subscription,ns,ns
B_destruct,subscription,ns,ns
B_destruct,subscription,ns,ns
B_destruct,subscription,ns,ns
B_destruct,subscription,ns,ns
B_destruct,subscription,ns,ns
B_destruct,subscription,ns,ns
B_destruct,subscription,ns,ns
B_destruct,subscription,ns,ns
B_destruct,subscription,ns,ns
B_destruct,subscription,ns,ns
B_destruct,subscription,ns,ns
B_destruct,subscription,ns,ns
B_destruct,subscription,ns,ns
B_destruct,subscription,ns,ns
B_destruct,subscription,ns,ns
C_subscribe,subscription,ns,ns
C_subscribe,subscription,ns,ns
C_subscribe,subscription,ns,ns
C_subscribe,subscription,ns,ns
C_subscribe,subscription,ns,ns
C_subscribe,subscription,ns,ns
C_subscribe,subscription,ns,ns
C_subscribe,subscription,ns,ns
C_subscribe,subscription,ns,ns
C_subscribe,subscription,ns,ns
C_subscribe,subscription,ns,ns
C_subscribe,subscription,ns,ns
C_subscribe,subscription,ns,ns
C_subscribe,subscription,ns,ns
C_subscribe,subscription,ns,ns
C_subscribe,subscription,ns,ns
C_subscribe,subscription,ns,ns
C_subscribe,subscription,ns,ns
C_subscribe,subscription,ns,ns
C_subscribe,subscription,ns,ns
C_subscribe,subscription,ns,ns
C_subscribe,subscription,ns,ns
C_subscribe,subscription,ns,ns
C_subscribe,subscription,ns,ns
C_subscribe,subscription,ns,ns
C_subscribe,subscription,ns,ns
C_subscribe,subscription,ns,ns
C_subscribe,subscription,ns,ns
C_subscribe,subscription,ns,ns
C_subscribe,subscription,ns,ns
C_subscribe,subscription,ns,ns
C_subscribe,subscription,ns,ns
C_subscribe,subscription,ns,ns
C_subscribe,subscription,ns,ns
C_subscribe,subscription,ns,ns
C_subscribe,subscription,ns,ns
C_subscribe,subscription,ns,ns
C_subscribe,subscription,ns,ns
C_subscribe,subscription,ns,ns
C_subscribe,subscription,ns,ns
C_subscribe,subscription,ns,ns
C_subscribe,subscription,ns,ns
C_subscribe,subscription,ns,ns
C_subscribe,subscription,ns,ns
C_subscribe,subscription,ns,ns
C_subscribe,subscription,ns,ns
C_subscribe,subscription,ns,ns
C_subscribe,subscription,ns,ns
C_subscribe,subscription,ns,ns
C_subscribe,subscription,ns,ns
D_unsubscribe,subscription,ns,ns
D_unsubscribe,subscription,ns,ns
D_unsubscribe,subscription,ns,ns
D_unsubscribe,subscription,ns,ns
D_unsubscribe,subscription,ns,ns
D_unsubscribe,subscription,ns,ns
D_unsubscribe,subscription,ns,ns
D_unsubscribe,subscription,ns,ns
D_unsubscribe,subscription,ns,ns
D_unsubscribe,subscription,ns,ns
D_unsubscribe,subscription,ns,ns
D_unsubscribe,subscription,ns,ns
D_unsubscribe,subscription,ns,ns
D_unsubscribe,subscription,ns,ns
D_unsubscribe,subscription,ns,ns
D_unsubscribe,subscription,ns,ns
D_unsubscribe,subscription,ns,ns
D_unsubscribe,subscription,ns,ns
D_unsubscribe,subscription,ns,ns
D_unsubscribe,subscription,ns,ns
D_unsubscribe,subscription,ns,ns
D_unsubscribe,subscription,ns,ns
D_unsubscribe,subscription,ns,ns
D_unsubscribe,subscription,ns,ns
D_unsubscribe,subscription,ns,ns
D_unsubscribe,subscription,ns,ns
D_unsubscribe,subscription,ns,ns
D_unsubscribe,subscription,ns,ns
D_unsubscribe,subscription,ns,ns
D_unsubscribe,subscription,ns,ns
D_unsubscribe,subscription,ns,ns
D_unsubscribe,subscription,ns,ns
D_unsubscribe,subscription,ns,ns
D_unsubscribe,subscription,ns,ns
D_unsubscribe,subscription,ns,ns
D_unsubscribe,subscription,ns,ns
D_unsubscribe,subscription,ns,ns
D_unsubscribe,subscription,ns,ns
D_unsubscribe,subscription,ns,ns
D_unsubscribe,subscription,ns,ns
D_unsubscribe,subscription,ns,ns
D_unsubscribe,subscription,ns,ns
D_unsubscribe,subscription,ns,ns
D_unsubscribe,subscription,ns,ns
D_unsubscribe,subscription,ns,ns
D_unsubscribe,subscription,ns,ns
D_unsubscribe,subscription,ns,ns
D_unsubscribe,subscription,ns,ns
D_unsubscribe,subscription,ns,ns
D_unsubscribe,subscription,ns,ns
E_update,subscription,ns,ns
E_update,subscription,ns,ns
E_update,subscription,ns,ns
E_update,subscription,ns,ns
E_update,subscription,ns,ns
E_update,subscription,ns,ns
E_update,subscription,ns,ns
E_update,subscription,ns,ns
E_update,subscription,ns,ns
E_update,subscription,ns,ns
E_update,subscription,ns,ns
E_update,subscription,ns,ns
E_update,subscription,ns,ns
E_update,subscription,ns,ns
E_update,subscription,ns,ns
E_update,subscription,ns,ns
E_update,subscription,ns,ns
E_update,subscription,ns,ns
E_update,subscription,ns,ns
E_update,subscription,ns,ns
E_update,subscription,ns,ns
E_update,subscription,ns,ns
E_update,subscription,ns,ns
E_update,subscription,ns,ns
E_update,subscription,ns,ns
E_update,subscription,ns,ns
E_update,subscription,ns,ns
E_update,subscription,ns,ns
E_update,subscription,ns,ns
E_update,subscription,ns,ns
E_update,subscription,ns,ns
E_update,subscription,ns,ns
E_update,subscription,ns,ns
E_update,subscription,ns,ns
E_update,subscription,ns,ns
E_update,subscription,ns,ns
E_update,subscription,ns,ns
E_update,subscription,ns,ns
E_update,subscription,ns,ns
E_update,subscription,ns,ns
E_update,subscription,ns,ns
E_update,subscription,ns,ns
E_update,subscription,ns,ns
E_update,subscription,ns,ns
E_update,subscription,ns,ns
E_update,subscription,ns,ns
E_update,subscription,ns,ns
E_update,subscription,ns,ns
E_update,subscription,ns,ns
E_update,subscription,ns,ns
A_create,weak,ns,ns
A_create,weak,ns,ns
A_create,weak,ns,ns
A_create,weak,ns,ns
A_create,weak,ns,ns
A_create,weak,ns,ns
A_create,weak,ns,ns
A_create,weak,ns,ns
A_create,weak,ns,ns
A_create,weak,ns,ns
A_create,weak,ns,ns
A_create,weak,ns,ns
A_create,weak,ns,ns
A_create,weak,ns,ns
A_create,weak,ns,ns
A_create,weak,ns,ns
A_create,weak,ns,ns
A_create,weak,ns,ns
A_create,weak,ns,ns
A_create,weak,ns,ns
A_create,weak,ns,ns
A_create,weak,ns,ns
A_create,weak,ns,ns
A_create,weak,ns,ns
A_create,weak,ns,ns
A_create,weak,ns,ns
A_create,weak,ns,ns
A_create,weak,ns,ns
A_create,weak,ns,ns
A_create,weak,ns,ns
A_create,weak,ns,ns
A_create,weak,ns,ns
A_create,weak,ns,ns
A_create,weak,ns,ns
A_create,weak,ns,ns
A_create,weak,ns,ns
A_create,weak,ns,ns
A_create,weak,ns,ns
A_create,weak,ns,ns
A_create,weak,ns,ns
A_create,weak,ns,ns
A_create,weak,ns,ns
A_create,weak,ns,ns
A_create,weak,ns,ns
A_create,weak,ns,ns
A_create,weak,ns,ns
A_create,weak,ns,ns
A_create,weak,ns,ns
A_create,weak,ns,ns
A_create,weak,ns,ns
B_destruct,weak,ns,ns
B_destruct,weak,ns,ns
B_destruct,weak,ns,ns
B_destruct,weak,ns,ns
B_destruct,weak,ns,ns
B_destruct,weak,ns,ns
B_destruct,weak,ns,ns
B_destruct,weak,ns,ns
B_destruct,weak,ns,ns
B_destruct,weak,ns,ns
B_destruct,weak,ns,ns
B_destruct,weak,ns,ns
B_destruct,weak,ns,ns
B_destruct,weak,ns,ns
B_destruct,weak,ns,ns
B_destruct,weak,ns,ns
B_destruct,weak,ns,ns
B_destruct,weak,ns,ns
B_destruct,weak,ns,ns
B_destruct,weak,ns,ns
B_destruct,weak,ns,ns
B_destruct,weak,ns,ns
B_destruct,weak,ns,ns
B_destruct,weak,ns,ns
B_destruct,weak,ns,ns
B_destruct,weak,ns,ns
B_destruct,weak,ns,ns
B_destruct,weak,ns,ns
B_destruct,weak,ns,ns
B_destruct,weak,ns,ns
B_destruct,weak,ns,ns
B_destruct,weak,ns,ns
B_destruct,weak,ns,ns
B_destruct,weak,ns,ns
B_destruct,weak,ns,ns
B_destruct,weak,ns,ns
B_destruct,weak,ns,ns
B_destruct,weak,ns,ns
B_destruct,weak,ns,ns
B_destruct,weak,ns,ns
B_destruct,weak,ns,ns
B_destruct,weak,ns,ns
B_destruct,weak,ns,ns
B_destruct,weak,ns,ns
B_destruct,weak,ns,ns
B_destruct,weak,ns,ns
B_destruct,weak,ns,ns
B_destruct,weak,ns,ns
B_destruct,weak,ns,ns
B_destruct,weak,ns,ns
C_subscribe,weak,ns,ns
C_subscribe,weak,ns,ns
C_subscribe,weak,ns,ns
C_subscribe,weak,ns,ns
C_subscribe,weak,ns,ns
C_subscribe,weak,ns,ns
C_subscribe,weak,ns,ns
C_subscribe,weak,ns,ns
C_subscribe,weak,ns,ns
C_subscribe,weak,ns,ns
C_subscribe,weak,ns,ns
C_subscribe,weak,ns,ns
C_subscribe,weak,ns,ns
C_subscribe,weak,ns,ns
C_subscribe,weak,ns,ns
C_subscribe,weak,ns,ns
C_subscribe,weak,ns,ns
C_subscribe,weak,ns,ns
C_subscribe,weak,ns,ns
C_subscribe,weak,ns,ns
C_subscribe,weak,ns,ns
C_subscribe,weak,ns,ns
C_subscribe,weak,ns,ns
C_subscribe,weak,ns,ns
C_subscribe,weak,ns,ns
C_subscribe,weak,ns,ns
C_subscribe,weak,ns,ns
C_subscribe,weak,ns,ns
C_subscribe,weak,ns,ns
C_subscribe,weak,ns,ns
C_subscribe,weak,ns,ns
C_subscribe,weak,ns,ns
C_subscribe,weak,ns,ns
C_subscribe,weak,ns,ns
C_subscribe,weak,ns,ns
C_subscribe,weak,ns,ns
C_subscribe,weak,ns,ns
C_subscribe,weak,ns,ns
C_subscribe,weak,ns,ns
C_subscribe,weak,ns,ns
C_subscribe,weak,ns,ns
C_subscribe,weak,ns,ns
C_subscribe,weak,ns,ns
C_subscribe,weak,ns,ns
C_subscribe,weak,ns,ns
C_subscribe,weak,ns,ns
C_subscribe,weak,ns,ns
C_subscribe,weak,ns,ns
C_subscribe,weak,ns,ns
C_subscribe,weak,ns,ns
D_unsubscribe,weak,ns,ns
D_unsubscribe,weak,ns,ns
D_unsubscribe,weak,ns,ns
D_unsubscribe,weak,ns,ns
D_unsubscribe,weak,ns,ns
D_unsubscribe,weak,ns,ns
D_unsubscribe,weak,ns,ns
D_unsubscribe,weak,ns,ns
D_unsubscribe,weak,ns,ns
D_unsubscribe,weak,ns,ns
D_unsubscribe,weak,ns,ns
D_unsubscribe,weak,ns,ns
D_unsubscribe,weak,ns,ns
D_unsubscribe,weak,ns,ns
D_unsubscribe,weak,ns,ns
D_unsubscribe,weak,ns,ns
D_unsubscribe,weak,ns,ns
D_unsubscribe,weak,ns,ns
D_unsubscribe,weak,ns,ns
D_unsubscribe,weak,ns,ns
D_unsubscribe,weak,ns,ns
D_unsubscribe,weak,ns,ns
D_unsubscribe,weak,ns,ns
D_unsubscribe,weak,ns,ns
D_unsubscribe,weak,ns,ns
D_unsubscribe,weak,ns,ns
D_unsubscribe,weak,ns,ns
D_unsubscribe,weak,ns,ns
D_unsubscribe,weak,ns,ns
D_unsubscribe,weak,ns,ns
D_unsubscribe,weak,ns,ns
D_unsubscribe,weak,ns,ns
D_unsubscribe,weak,ns,ns
D_unsubscribe,weak,ns,ns
D_unsubscribe,weak,ns,ns
D_unsubscribe,weak,ns,ns
D_unsubscribe,weak,ns,ns
D_unsubscribe,weak,ns,ns
D_unsubscribe,weak,ns,ns
D_unsubscribe,weak,ns,ns
D_unsubscribe,weak,ns,ns
D_unsubscribe,weak,ns,ns
D_unsubscribe,weak,ns,ns
D_unsubscribe,weak,ns,ns
D_unsubscribe,weak,ns,ns
D_unsubscribe,weak,ns,ns
D_unsubscribe,weak,ns,ns
D_unsubscribe,weak,ns,ns
D_unsubscribe,weak,ns,ns
D_unsubscribe,weak,ns,ns
E_update,weak,ns,ns
E_update,weak,ns,ns
E_update,weak,ns,ns
E_update,weak,ns,ns
E_update,weak,ns,ns
E_update,weak,ns,ns
E_update,weak,ns,ns
E_update,weak,ns,ns
E_update,weak,ns,ns
E_update,weak,ns,ns
E_update,weak,ns,ns
E_update,weak,ns,ns
E_update,weak,ns,ns
E_update,weak,ns,ns
E_update,weak,ns,ns
E_update,weak,ns,ns
E_update,weak,ns,ns
E_update,weak,ns,ns
E_update,weak,ns,ns
E_update,weak,ns,ns
E_update,weak,ns,ns
E_update,weak,ns,ns
E_update,weak,ns,ns
E_update,weak,ns,ns
E_update,weak,ns,ns
E_update,weak,ns,ns
E_update,weak,ns,ns
E_update,weak,ns,ns
E_update,weak,ns,ns
E_update,weak,ns,ns
E_update,weak,ns,ns
E_update,weak,ns,ns
E_update,weak,ns,ns
E_update,weak,ns,ns
E_update,weak,ns,ns
E_update,weak,ns,ns
E_update,weak,ns,ns
E_update,weak,ns,ns
E_update,weak,ns,ns
E_update,weak,ns,ns
E_update,weak,ns,ns
E_update,weak,ns,ns
E_update,weak,ns,ns
E_update,weak,ns,ns
E_update,weak,ns,ns
E_update,weak,ns,ns
E_update,weak,ns,ns
E_update,weak,ns,ns
E_update,weak,ns,ns
E_update,weak,ns,ns
